url,country,city,city_source,niche,platform,perf,a11y,best_practices,seo,LCP_ms,CLS,TBT_ms,FCP_ms,bytes,load_category,error,measured_at,source_file
ontapsolutions.ca,Canada,Abbotsford,map,hvac,WordPress,45,94,73,100,10557,0,587,3403,4391137,,,2026-09-22,hvac_scores5b.csv
ringawayhvac.ca,Canada,Abbotsford,approved,hvac,,73,76,92,92,4051,0,233,2851,1644118,,,2026-09-22,hvac_scores5b.csv
banffcanmorehomesforsale.com,Canada,Banff,map,realtor,unknown,42,81,96,92,28351,0,958,2555,8777669,,,2026-09-23,realtor_scores.csv
banffrealestate.com,Canada,Banff,domain_token,realtor,WordPress,62,92,96,92,2911,0,751,2911,2745234,,,2026-09-23,realtor_scores.csv
barriebackflow.ca,Canada,Barrie,domain_token,hvac,unknown,96,85,96,92,2725,0,19,947,715461,,,2026-09-22,hvac_scores5a.csv
barrieheating.com,Canada,Barrie,map,hvac,WordPress,28,90,96,92,35795,0,271,5569,8898134,SLOW,,2026-09-22,hvac_scores5a.csv
centralheatingontario.com,Canada,Barrie,research,hvac,WordPress,86,82,96,92,2576,0,0,1098,371562,,,2026-09-22,hvac_scores5a.csv
plumberinbarrie.com,Canada,Barrie,domain_token,hvac,WordPress,50,86,69,92,17405,0,107,13355,4930539,,,2026-09-22,hvac_scores5a.csv
wbplumbing.ca,Canada,Barrie,research,hvac,WordPress,54,92,100,100,8701,0,379,2437,2680022,,,2026-09-22,hvac_scores5a.csv
berginmotion.ca,Canada,Barrie,map,physio,unknown,60,81,73,100,14742,0,216,2483,15777903,AVERAGE,,2026-09-25,physio_scores4.csv
excitephysio.com,Canada,Barrie,map,physio,WordPress,56,72,96,100,16426,0,290,2552,2893168,,,2026-09-25,physio_scores4.csv
timrealestateguy.com,Canada,Bathurst,map,realtor,,36,80,96,85,19721,0,872,7351,6689955,,,2026-09-23,realtor_scores.csv
tracyjacques.ca,Canada,Bathurst,map,realtor,,49,81,100,85,5701,0,637,3517,2662124,,,2026-09-23,realtor_scores.csv
cdleblainvillier.com,Canada,Blainville,filename,dental,WordPress,62,98,100,100,7821,0,143,3627,1114458,,,2026-09-22,blainville_scores.csv
cliniquedentaire832.com,Canada,Blainville,filename,dental,,,,,,,,,,,,failed after retries,2026-09-22,blainville_scores2.csv
cliniquedentaireducarrefour.com,Canada,Blainville,filename,dental,WordPress,51,72,96,85,18681,0,258,6172,4782066,,,2026-09-22,blainville_scores.csv
cliniquedentaleluminus.com,Canada,Blainville,filename,dental,,,,,,,,,,,,failed after retries,2026-09-22,blainville_scores2.csv
dentiste-blainville.ca,Canada,Blainville,filename,dental,Wix,60,93,96,100,9346,0,275,3008,2873183,,,2026-09-22,blainville_scores.csv
dentiste-blainville.com,Canada,Blainville,filename,dental,unknown,67,72,96,82,5594,0,0,2627,2929087,,,2026-09-22,blainville_scores.csv
dentisteblainville.com,Canada,Blainville,filename,dental,WordPress,62,85,96,100,5439,0,0,4839,1585481,,,2026-09-22,blainville_scores.csv
dentistedesjardins.com,Canada,Blainville,map,dental,Squarespace,26,95,96,92,11123,0,689,6162,2410349,,,2026-09-22,blainville_scores.csv
dentisteriedavinci.com,Canada,Blainville,filename,dental,Wix,43,97,73,100,6580,0,754,3336,4252996,,,2026-09-22,blainville_scores2.csv
dentistesblainville.com,Canada,Blainville,filename,dental,Wix,56,97,73,100,6479,0,406,2556,4085964,,,2026-09-22,blainville_scores2.csv
eclipsedentisterie.com,Canada,Blainville,filename,dental,WordPress,58,91,73,100,5551,0,46,3946,1555508,,,2026-09-22,blainville_scores2.csv
lumident.ca,Canada,Blainville,filename,dental,,53,85,77,100,17513,0,189,10347,2723073,,,2026-09-22,blainville_scores.csv
kinatex.com/cliniques/boucherville,Canada,Boucherville,map,physio,WordPress,37,74,92,92,10137,0,2623,1555,5116219,AVERAGE,,2026-09-25,physio_scores2.csv
kinatex.com/cliniques/bromont,Canada,Bromont,map,physio,WordPress,38,69,92,92,10113,0,1938,1543,5173929,AVERAGE,,2026-09-25,physio_scores2.csv
kinatex.com/cliniques/brossard-dix30,Canada,Brossard,map,physio,WordPress,43,69,92,92,5201,0,2574,1538,5123856,AVERAGE,,2026-09-25,physio_scores2.csv
bankershallcalgarydental.ca,Canada,Calgary,map,dental,Tymbrel,41,89,96,92,4922,0,394,2458,1702137,,,2026-09-21,calgary_scores.csv
bowtraildental.com,Canada,Calgary,map,dental,WordPress,37,73,73,85,27136,0,503,12373,6220740,SLOW,,2026-09-21,calgary_scores.csv
calgarydentalchoice.ca,Canada,Calgary,filename,dental,,,,,,,,,,,,failed after retries,2026-09-21,calgary_scores.csv
calgarydentalstudio.ca,Canada,Calgary,map,dental,WordPress,48,100,100,100,8650,0,55,4536,1042515,,,2026-09-21,calgary_scores.csv
centraldental.ca,Canada,Calgary,filename,dental,,,,,,,,,,,,failed after retries,2026-09-21,calgary_scores.csv
crescentdental.ca,Canada,Calgary,filename,dental,WordPress,29,79,73,100,9764,0,1722,4110,6416541,SLOW,,2026-09-21,calgary_scores.csv
crescentheightsdentalclinic.ca,Canada,Calgary,map,dental,,,,,,,,,,,,failed after retries,2026-09-21,calgary_scores.csv
downtowndentist.ca,Canada,Calgary,map,dental,WordPress,34,82,88,92,11326,0,1558,3527,3623902,,,2026-09-21,calgary_scores.csv
forestlawndental.ca,Canada,Calgary,map,dental,,,,,,,,,,,,failed after retries,2026-09-21,calgary_scores.csv
forestlawndentalcentre.ca,Canada,Calgary,filename,dental,Wix,31,89,96,92,11471,0,2630,3611,5242650,,,2026-09-21,calgary_scores.csv
galaxydental.ca,Canada,Calgary,filename,dental,unknown,52,79,96,85,32229,0,237,8839,7705459,,,2026-09-21,calgary_scores.csv
inglewoodfamilydental.ca,Canada,Calgary,filename,dental,WordPress,57,87,100,85,17634,0,230,3526,4349138,SLOW,,2026-09-21,calgary_scores.csv
kensingtondentalchoice.ca,Canada,Calgary,map,dental,WordPress,34,76,96,85,13525,0,556,4825,4098593,,,2026-09-23,card_scores.csv
metdental.ca,Canada,Calgary,map,dental,unknown,45,89,100,100,19156,0,592,3128,3371391,FAST,,2026-09-21,calgary_scores.csv
shawnessydental.ca,Canada,Calgary,filename,dental,,,,,,,,,,,,failed after retries,2026-09-21,calgary_scores.csv
shawnessydental.com,Canada,Calgary,filename,dental,WordPress,53,91,100,100,13061,0,422,3942,2646353,SLOW,,2026-09-21,calgary_scores.csv
signalhilldental.ca,Canada,Calgary,filename,dental,,,,,,,,,,,,failed after retries,2026-09-21,calgary_scores.csv
signalhilldental.com,Canada,Calgary,filename,dental,WordPress,53,74,96,92,6828,0,367,3302,17766240,,,2026-09-21,calgary_scores.csv
skydentalclinic.ca,Canada,Calgary,map,dental,Squarespace,34,95,96,100,18232,0,1016,4748,4389907,,,2026-09-21,calgary_scores.csv
southcalgarydental.ca,Canada,Calgary,map,dental,WordPress,48,78,88,85,23064,0,334,11377,4070884,,,2026-09-21,calgary_scores.csv
southlanddentalchoice.ca,Canada,Calgary,map,dental,WordPress,42,93,100,92,8551,0,955,3151,6471108,,,2026-09-21,calgary_scores.csv
trusmiledental.ca,Canada,Calgary,map,dental,WordPress,43,81,69,92,22966,0,837,2131,73344989,,,2026-09-21,calgary_scores.csv
a1hvac.ca,Canada,Calgary,map,hvac,unknown,69,72,100,100,6963,0,0,3372,5556597,,,2026-09-22,hvac_scores1.csv
airforceheating.com,Canada,Calgary,map,hvac,unknown,45,92,74,100,9016,0,508,5912,958005,,,2026-09-22,hvac_scores1.csv
calgaryair.ca,Canada,Calgary,map,hvac,WordPress,30,78,69,92,14350,0,943,4990,5639780,FAST,,2026-09-22,hvac_scores1.csv
calgaryhvac.ca,Canada,Calgary,map,hvac,unknown,61,89,96,100,7971,0,111,4365,2618542,,,2026-09-22,hvac_scores1.csv
experthvac.ca,Canada,Calgary,map,hvac,,,,,,,,,,,,failed after retries,2026-09-22,hvac_scores1b.csv
heatmasterservices.ca,Canada,Calgary,map,hvac,Wix,72,87,96,100,7401,0,106,2558,2528359,,,2026-09-22,hvac_scores1.csv
horizonheating.ca,Canada,Calgary,map,hvac,WordPress,42,84,96,92,8477,0,964,2924,3742359,,,2026-09-22,hvac_scores1.csv
northstarheatingandcooling.ca,Canada,Calgary,map,hvac,WordPress,31,86,96,100,27337,0,1224,1966,4609707,,,2026-09-22,hvac_scores1.csv
protonhvac.com,Canada,Calgary,map,hvac,,,,,,,,,,,,failed after retries,2026-09-22,hvac_scores1b.csv
williamshvac.ca,Canada,Calgary,map,hvac,,,,,,,,,,,,failed after retries,2026-09-22,hvac_scores1b.csv
missioneyecare.ca,Canada,Calgary,row,optometrist,WordPress,41,81,96,92,8252,0,974,2252,10102495,FAST,,2026-09-25,opt_data.csv
myoptometristcalgary.ca,Canada,Calgary,row,optometrist,unknown,41,81,96,92,9752,0,880,3787,17747376,AVERAGE,,2026-09-25,opt_data.csv
aromaphysio.ca,Canada,Calgary,map,physio,WordPress,49,74,96,85,5119,0,0,2723,729436,,,2026-09-25,physio_scores3.csv
brentwoodphysio.ca,Canada,Calgary,map,physio,WordPress,96,96,100,92,2392,0,2,1077,284300,FAST,,2026-09-25,physio_scores3.csv
crowchildphysio.com,Canada,Calgary,map,physio,WordPress,83,94,100,100,3776,0,180,1992,7573301,,,2026-09-25,physio_scores3.csv
fixphysio.ca,Canada,Calgary,map,physio,Wix,47,91,100,100,9550,0,488,4331,3168110,,,2026-09-25,physio_scores3.csv
indepthphysio.com,Canada,Calgary,map,physio,Squarespace,49,91,96,92,5257,0,587,3336,2714651,,,2026-09-25,physio_scores3.csv
maxphysiotherapy.ca,Canada,Calgary,map,physio,WordPress,21,78,92,85,38243,0,1049,3430,20529580,,,2026-09-25,physio_scores3.csv
northstarphysio.ca,Canada,Calgary,map,physio,Squarespace,59,100,100,100,6603,0,405,2705,2832287,,,2026-09-25,physio_scores3.csv
pulsephysioyyc.com,Canada,Calgary,map,physio,WordPress,63,82,100,92,5788,0,0,3942,1144321,,,2026-09-25,physio_scores3.csv
aircor.ca,Canada,Cambridge,approved,hvac,unknown,60,85,96,91,8318,0,249,3663,1386944,,,2026-09-22,hvac_scores4a.csv
reliantplumbing.ca,Canada,Cambridge,map,hvac,unknown,29,94,92,92,7186,0,3644,2113,9564080,,,2026-09-22,hvac_scores4a.csv
ashtonheating.ca,Canada,Courtice,research,hvac,WordPress,54,87,100,85,9424,0,382,1234,2358328,,,2026-09-22,hvac_scores5a.csv
eastcoastphysio.ca,Canada,Dartmouth,map,physio,,58,94,100,100,9648,0,0,6139,1481650,,,2026-09-25,physio_scores4.csv
maritimephysio.ca,Canada,Dartmouth,map,physio,,63,93,100,92,7700,0,270,3462,2901257,,,2026-09-25,physio_scores4.csv
physiomatters.ca,Canada,Dartmouth,map,physio,Wix,67,89,100,100,5964,0,262,2946,3576960,,,2026-09-25,physio_scores4.csv
allproplumbingnb.ca,Canada,Dieppe,map,hvac,WordPress,37,79,96,100,7353,0,78,3465,11263267,,,2026-09-22,hvac_scores4b.csv
physiosn.com,Canada,Drummondville,map,physio,WordPress,33,71,96,100,31576,0,812,11124,13226241,AVERAGE,,2026-09-25,physio_scores6.csv
physiothiviergetoupin.com,Canada,Drummondville,map,physio,WordPress,41,88,100,100,16018,0,726,3525,3843032,,,2026-09-25,physio_scores6.csv
mckeeverhvac.com,Canada,Durham,map,hvac,Squarespace,34,91,96,92,12828,0,1409,4652,4478588,,,2026-09-22,hvac_scores5a.csv
2th.com,Canada,Edmonton,filename,dental,,70,96,81,100,5941,0,70,3249,2037771,,,2026-09-21,edmonton_scores.csv
appledentalcare.com,Canada,Edmonton,map,dental,Tymbrel,33,89,96,92,13382,0,521,2249,2122362,,,2026-09-21,edmonton_scores.csv
bellerivedental.ca,Canada,Edmonton,filename,dental,WordPress,57,75,96,92,3301,0,909,2451,4193554,,,2026-09-21,edmonton_scores.csv
citycentredental.ca,Canada,Edmonton,filename,dental,Drupal,73,97,96,100,4455,0,150,2800,1300344,,,2026-09-21,edmonton_scores.csv
dentistsatnorthgate.ca,Canada,Edmonton,map,dental,WordPress,16,77,92,92,20441,1,778,3751,3677131,,,2026-09-21,edmonton_scores.csv
edmontonwestdental.com,Canada,Edmonton,filename,dental,WordPress,94,88,96,92,2401,0,0,1951,269495,,,2026-09-21,edmonton_scores.csv
jasperavenuedentalchoice.ca,Canada,Edmonton,map,dental,WordPress,28,85,96,92,9379,0,1297,3496,5553566,,,2026-09-21,edmonton_scores.csv
lotusdentalwellness.ca,Canada,Edmonton,filename,dental,WordPress,41,82,96,85,8476,0,1435,2035,7453825,,,2026-09-21,edmonton_scores.csv
manchesterdental.ca,Canada,Edmonton,filename,dental,WordPress,64,81,96,100,4051,0,434,3163,3986079,,,2026-09-21,edmonton_scores.csv
mysmilefamilydental.com,Canada,Edmonton,filename,dental,unknown,49,91,96,100,14280,0,682,1137,4958522,,,2026-09-21,edmonton_scores.csv
orchardsdental.ca,Canada,Edmonton,map,dental,,26,90,96,92,25655,0,695,7837,5845588,,,2026-09-21,edmonton_scores.csv
rcdedmonton.ca,Canada,Edmonton,map,dental,,35,83,96,100,26734,0,864,5286,9039467,,,2026-09-21,edmonton_scores.csv
smilesdentalgroup.com,Canada,Edmonton,map,dental,WordPress,37,83,96,100,19428,0,1532,2435,4294850,SLOW,,2026-09-21,edmonton_scores.csv
smilezone.net,Canada,Edmonton,filename,dental,unknown,47,96,96,100,31884,0,725,1911,6945880,SLOW,,2026-09-21,edmonton_scores.csv
summitdentaledmonton.com,Canada,Edmonton,filename,dental,unknown,56,97,100,100,23378,0,421,910,6850500,,,2026-09-21,edmonton_scores.csv
universitydentalchoice.ca,Canada,Edmonton,map,dental,WordPress,41,95,96,100,9464,0,760,3268,7093281,,,2026-09-21,edmonton_scores.csv
vivadentalwellness.com,Canada,Edmonton,filename,dental,WordPress,69,90,77,100,3455,0,387,3155,5163526,,,2026-09-21,edmonton_scores.csv
acclaimedfurnace.com,Canada,Edmonton,map,hvac,,81,77,100,100,1713,0,436,1703,2290226,,,2026-09-22,hvac_scores1b.csv
edmontonheatingandair.com,Canada,Edmonton,map,hvac,WordPress,49,91,96,100,16654,0,471,3308,3154007,,,2026-09-22,hvac_scores1b.csv
legacyheating.ca,Canada,Edmonton,map,hvac,WordPress,41,82,96,92,15216,0,932,2252,4418844,FAST,,2026-09-22,hvac_scores1b.csv
norcanheatingandair.com,Canada,Edmonton,map,hvac,WordPress,52,83,92,92,4529,0,580,4229,3575460,,,2026-09-22,hvac_scores1b.csv
redsealcomfort.com,Canada,Edmonton,map,hvac,Wix,48,87,100,92,10364,0,0,3674,3408031,,,2026-09-22,hvac_scores1b.csv
romaniukheatingac.com,Canada,Edmonton,map,hvac,,37,74,77,92,12484,0,875,4384,7411581,SLOW,,2026-09-22,hvac_scores1b.csv
supremexhvac.com,Canada,Edmonton,map,hvac,,59,96,100,85,9226,0,371,3195,1971193,,,2026-09-22,hvac_scores1b.csv
trusthomecomfort.com,Canada,Edmonton,map,hvac,WordPress,45,89,77,100,16685,0,177,6751,3205499,,,2026-09-22,hvac_scores1b.csv
calgarytrailvisioncentre.com,Canada,Edmonton,row,optometrist,WordPress,16,89,73,100,6279,1,1492,2855,3040052,AVERAGE,,2026-09-25,opt_data.csv
cvcyeg.com,Canada,Edmonton,row,optometrist,,84,95,100,100,4031,0,118,1423,379205,FAST,,2026-09-25,opt_data.csv
heliooptometry.ca,Canada,Edmonton,row,optometrist,Squarespace,42,88,96,92,5241,0,1197,3302,3174677,AVERAGE,,2026-09-25,opt_data.csv
coronationphysio.ca,Canada,Edmonton,map,physio,unknown,72,93,100,100,9139,0,59,1823,1859392,,,2026-09-25,physio_scores3.csv
instepphysio.ca,Canada,Edmonton,map,physio,WordPress,63,96,96,100,10849,0,44,2886,2232028,,,2026-09-25,physio_scores3.csv
integralphysio.com,Canada,Edmonton,map,physio,unknown,73,100,100,100,4926,0,129,2898,901535,,,2026-09-25,physio_scores3.csv
laurelgreenphysio.ca,Canada,Edmonton,map,physio,WordPress,48,93,100,100,7214,0,517,4960,4266418,SLOW,,2026-09-25,physio_scores3.csv
mssphysio.com,Canada,Edmonton,map,physio,WordPress,65,89,73,92,5431,0,0,4321,1675470,,,2026-09-25,physio_scores3.csv
repphysio.ca,Canada,Edmonton,map,physio,WordPress,54,91,96,85,4051,0,893,3246,3449086,SLOW,,2026-09-25,physio_scores3.csv
revivept.ca,Canada,Edmonton,map,physio,,71,80,96,80,4844,0,0,4709,636134,SLOW,,2026-09-25,physio_scores3.csv
vertexphysio.ca,Canada,Edmonton,map,physio,WordPress,78,92,100,100,4383,0,13,2193,365706,,,2026-09-25,physio_scores3.csv
riviera.nb.ca,Canada,Edmundston,research,realtor,unknown,63,86,92,92,6986,0,74,4507,999332,AVERAGE,,2026-09-23,realtor_scores.csv
frederictonphysiotherapy.com,Canada,Fredericton,map,physio,WordPress,25,79,92,100,16000,0,383,3775,3425731,,,2026-09-25,physio_scores6.csv
rangeofmotionphysio.ca,Canada,Fredericton,map,physio,,55,71,92,100,8791,0,537,2705,1976685,FAST,,2026-09-25,physio_scores6.csv
frederictonhomes.com,Canada,Fredericton,map,realtor,,49,78,96,92,8026,0,56,2705,3186837,SLOW,,2026-09-23,realtor_scores.csv
sellingfredericton.com,Canada,Fredericton,domain_token,realtor,unknown,86,82,96,100,3454,0,0,2404,3501706,SLOW,,2026-09-23,realtor_scores.csv
aylmerdentaire.ca,Canada,Gatineau,filename,dental,unknown,68,93,100,91,13490,0,0,2890,3169109,,,2026-09-22,gatineau_scores.csv
cdentairegatineau.com,Canada,Gatineau,filename,dental,WordPress,81,88,100,85,980,0,0,980,2670711,,,2026-09-22,gatineau_scores3.csv
cdvo.ca,Canada,Gatineau,filename,dental,,63,69,100,92,8016,0,38,3636,1890249,,,2026-09-22,gatineau_scores6.csv
centredentairenb.ca,Canada,Gatineau,filename,dental,WordPress,56,86,100,100,24185,0,2,4573,5777587,,,2026-09-22,gatineau_scores3.csv
clareo.ca,Canada,Gatineau,filename,dental,WordPress,63,80,77,100,12882,0,0,2532,5927184,AVERAGE,,2026-09-22,gatineau_scores5.csv
clareo.ca/en/clinique/clareo-buckingham,Canada,Gatineau,filename,dental,,,,,,,,,,,,failed after retries,2026-09-22,gatineau_scores4.csv
cliniquedentairedehull.com,Canada,Gatineau,filename,dental,,97,65,92,91,1531,0,0,1531,13552,,,2026-09-22,gatineau_scores6.csv
cliniquedentairelpg.ca,Canada,Gatineau,filename,dental,unknown,51,82,96,83,14901,0,165,2745,2791338,,,2026-09-22,gatineau_scores.csv
cliniquedentaireora.com,Canada,Gatineau,filename,dental,Squarespace,50,98,96,92,8755,0,551,3303,2197847,,,2026-09-22,gatineau_scores4.csv
cliniquedentairest-joseph.com,Canada,Gatineau,filename,dental,unknown,59,96,78,92,12735,0,36,6180,1918269,,,2026-09-22,gatineau_scores5.csv
cliniquedentart.com,Canada,Gatineau,filename,dental,unknown,65,76,100,100,14230,0,0,1538,21424643,,,2026-09-22,gatineau_scores2.csv
dentiste-laverendrye.ca,Canada,Gatineau,filename,dental,WordPress,50,88,96,92,13201,0,273,1700,2909427,,,2026-09-22,gatineau_scores4.csv
dentistesgatineauhull.com,Canada,Gatineau,filename,dental,WordPress,73,63,100,92,6394,0,148,1655,804265,,,2026-09-22,gatineau_scores6.csv
drdavidcote.com,Canada,Gatineau,filename,dental,WordPress,76,91,100,100,7052,0,0,1079,1231688,AVERAGE,,2026-09-22,gatineau_scores6.csv
groupeclinident.ca,Canada,Gatineau,filename,dental,unknown,53,79,96,92,11100,0,342,3001,1476298,,,2026-09-22,gatineau_scores.csv
perioclinik.ca,Canada,Gatineau,map,dental,,27,83,54,85,17356,0,1966,6481,24958610,,,2026-09-22,gatineau_scores2.csv
prodentoutaouais.ca,Canada,Gatineau,filename,dental,WordPress,56,97,92,100,8438,0,311,2252,2249936,,,2026-09-22,gatineau_scores2.csv
ricardettran.ca,Canada,Gatineau,map,dental,Tymbrel,49,93,96,83,5933,0,508,1399,2816148,,,2026-09-22,gatineau_scores.csv
chartierphysio.ca/locations/gatineau-plateau,Canada,Gatineau,map,physio,WordPress,64,92,96,100,7196,0,156,2623,1539041,FAST,,2026-09-25,physio_scores2.csv
medisportphysio.com,Canada,Gatineau,map,physio,Squarespace,59,98,100,100,12571,0,216,4286,6763313,,,2026-09-25,physio_scores2.csv
physioavantageplus.com,Canada,Gatineau,map,physio,WordPress,45,70,73,92,19607,0,537,3635,3494530,,,2026-09-25,physio_scores3.csv
physiofamiliale.com,Canada,Gatineau,map,physio,WordPress,33,94,100,92,8431,0,1610,3931,3197507,AVERAGE,,2026-09-25,physio_scores3.csv
physiooutaouais.ca,Canada,Gatineau,map,physio,,52,80,92,92,5562,0,576,3197,3339287,AVERAGE,,2026-09-25,physio_scores3.csv
hvacguelph.com,Canada,Guelph,domain_token,hvac,WordPress,61,85,100,92,7611,0,184,3874,1154484,,,2026-09-22,hvac_scores5a.csv
lodderbrothers.com,Canada,Guelph,research,hvac,WordPress,96,72,92,77,2595,0,23,1119,902942,,,2026-09-22,hvac_scores5a.csv
ultracomfortguelph.ca,Canada,Guelph,domain_token,hvac,WordPress,63,88,100,100,12419,0,96,3946,3543718,,,2026-09-22,hvac_scores5a.csv
wellington-plumbing-hvac.com,Canada,Guelph,approved,hvac,unknown,71,95,96,92,2299,0,0,1838,578688,,,2026-09-22,hvac_scores5a.csv
eramosaphysio.com,Canada,Guelph,map,physio,,59,96,100,100,8401,0,263,2738,1915740,FAST,,2026-09-25,physio_scores5.csv
newhealthphysio.ca,Canada,Guelph,map,physio,WordPress,57,94,96,100,19268,0,400,2402,3307691,,,2026-09-25,physio_scores5.csv
sosphysiotherapy.ca,Canada,Guelph,map,physio,WordPress,70,89,96,92,8620,0,159,2064,1693962,AVERAGE,,2026-09-25,physio_scores5.csv
westwoodphysiotherapy.ca,Canada,Guelph,map,physio,WordPress,38,88,96,92,9826,0,1213,2559,5310881,SLOW,,2026-09-25,physio_scores5.csv
gphhalifax.ca,Canada,Halifax,domain_token,hvac,WordPress,65,87,78,100,4402,0,298,3544,3320202,,,2026-09-22,hvac_scores2.csv
halifaxheating.ns.ca,Canada,Halifax,domain_token,hvac,,,,,,,,,,,,failed after retries,2026-09-22,hvac_scores2.csv
halifaxheatpumps.com,Canada,Halifax,domain_token,hvac,unknown,68,89,92,92,7281,0,141,2743,3964651,AVERAGE,,2026-09-22,hvac_scores2.csv
ontrackhvac.ca,Canada,Halifax,map,hvac,unknown,49,89,100,85,8985,0,813,2407,2026152,AVERAGE,,2026-09-22,hvac_scores2.csv
shinesenergy.com,Canada,Halifax,map,hvac,,36,67,77,92,25692,0,894,5134,6641283,,,2026-09-22,hvac_scores2.csv
atlanticeyecentre.ca,Canada,Halifax,row,optometrist,unknown,40,83,100,92,20919,0,576,8496,3911585,,,2026-09-25,opt_data.csv
eyedoctoroptometry.ca,Canada,Halifax,row,optometrist,WordPress,87,92,100,85,2453,0,34,2318,10890723,,,2026-09-25,opt_data.csv
insightoptometry.com,Canada,Halifax,row,optometrist,Shopify,59,100,92,100,7499,0,514,2118,2037264,FAST,,2026-09-25,opt_data.csv
milleroptometry.ca,Canada,Halifax,row,optometrist,unknown,67,96,96,92,7096,0,68,3006,1117339,AVERAGE,,2026-09-25,opt_data.csv
oceanoptometry.ca,Canada,Halifax,row,optometrist,unknown,80,91,96,100,3305,0,85,3305,783440,,,2026-09-25,opt_data.csv
choicehealthcentre.com,Canada,Halifax,map,physio,WordPress,38,84,96,100,23554,0,782,3155,14394981,AVERAGE,,2026-09-25,physio_scores4.csv
citadelphysio.com,Canada,Halifax,map,physio,WordPress,63,89,100,85,10059,0,118,2585,4598441,SLOW,,2026-09-24,physio_scores1.csv
keyphysio.com,Canada,Halifax,map,physio,WordPress,81,77,92,85,2635,0,149,2410,1698435,,,2026-09-24,physio_scores1.csv
scotiaphysiotherapy.ca,Canada,Halifax,map,physio,WordPress,41,88,100,92,13140,0,790,3047,4702136,,,2026-09-25,physio_scores4.csv
halifaxareahomesforsale.com,Canada,Halifax,domain_token,realtor,,42,83,96,92,13016,0,1019,3627,3899262,AVERAGE,,2026-09-23,realtor_scores.csv
jenniferoneilrealestate.com,Canada,Halifax,map,realtor,unknown,41,82,96,100,5798,0,2243,966,32488796,,,2026-09-23,realtor_scores.csv
meghanlaing.com,Canada,Halifax,approved,realtor,unknown,75,93,100,100,9003,0,69,919,2043438,,,2026-09-23,realtor_scores.csv
roblough.com,Canada,Halifax,approved,realtor,unknown,72,83,81,77,4772,0,116,2102,3512886,,,2026-09-23,realtor_scores.csv
sellhalifaxrealestate.com,Canada,Halifax,domain_token,realtor,unknown,52,78,96,92,35252,0,393,2855,7507687,,,2026-09-23,realtor_scores.csv
susan-eldridge.c21.ca,Canada,Halifax,map,realtor,WordPress,37,81,77,85,17830,0,757,4069,5125216,,,2026-09-23,realtor_scores.csv
hamiltonfurnaceairconditioning.ca,Canada,Hamilton,domain_token,hvac,,91,86,100,92,1983,0,194,1983,1134133,,,2026-09-22,hvac_scores3.csv
hamiltonheatingandcooling.ca,Canada,Hamilton,map,hvac,WordPress,38,78,96,100,4876,0,626,3451,3555578,,,2026-09-22,hvac_scores3.csv
hamiltonhomecomfort.com,Canada,Hamilton,domain_token,hvac,WordPress,61,85,96,92,5102,0,697,1679,3692907,,,2026-09-22,hvac_scores3.csv
hamiltonhvacinc.net,Canada,Hamilton,domain_token,hvac,WordPress,69,100,96,100,3081,0,222,2921,2536953,,,2026-09-22,hvac_scores3.csv
advancedvision.ca,Canada,Hamilton,row,optometrist,WordPress,40,88,100,100,30697,0,734,6158,6153167,,,2026-09-25,opt_data.csv
mountaineyecare.net,Canada,Hamilton,row,optometrist,WordPress,22,81,92,100,19201,0,856,4424,4269393,SLOW,,2026-09-25,opt_data.csv
gagephysio.ca,Canada,Hamilton,map,physio,unknown,74,97,100,100,4206,0,50,2890,2260558,,,2026-09-25,physio_scores5.csv
hamiltonphysiorehab.ca,Canada,Hamilton,map,physio,,71,80,96,80,4815,0,0,4665,636355,AVERAGE,,2026-09-25,physio_scores3.csv
precisionphysio.ca,Canada,Hamilton,map,physio,WordPress,80,82,77,92,3982,0,200,1657,4323645,,,2026-09-25,physio_scores3.csv
prohealphysio.ca,Canada,Hamilton,map,physio,unknown,97,90,96,100,1844,0,100,1062,15952072,,,2026-09-25,physio_scores3.csv
thrivephysio.com,Canada,Hamilton,map,physio,WordPress,55,79,92,92,10169,0,156,2959,2317770,,,2026-09-25,physio_scores3.csv
triunetherapy.ca,Canada,Hamilton,map,physio,WordPress,89,87,100,85,1118,0,266,1079,1213156,,,2026-09-25,physio_scores3.csv
alainaevansrealestate.com,Canada,Hamilton,approved,realtor,unknown,69,90,100,100,51663,0,0,2980,19735511,,,2026-09-23,realtor_scores.csv
besthamiltonrealestate.com,Canada,Hamilton,domain_token,realtor,WordPress,64,92,100,92,6751,0,19,4051,3085771,,,2026-09-23,realtor_scores.csv
homeinhamilton.ca,Canada,Hamilton,domain_token,realtor,WordPress,55,95,73,85,16051,0,0,11791,1387015,,,2026-09-23,realtor_scores.csv
livinginhamiltonontario.com,Canada,Hamilton,map,realtor,WordPress,39,94,100,100,8260,0,779,2880,3198366,,,2026-09-23,realtor_scores.csv
realestateagenthamilton.net,Canada,Hamilton,domain_token,realtor,,75,71,73,85,2918,0,0,2768,1282117,,,2026-09-23,realtor_scores.csv
kingsplumbingandheating.ca,Canada,John's,research,hvac,WordPress,61,79,100,100,8366,0,54,5702,7446822,,,2026-09-22,hvac_scores4b.csv
campbellcreek.ca,Canada,Kamloops,approved,hvac,WordPress,58,81,100,100,7884,0,169,3773,5500771,,,2026-09-22,hvac_scores5b.csv
fullspectrumheating.ca,Canada,Kamloops,research,hvac,WordPress,59,87,100,92,17551,0,142,3306,3038731,,,2026-09-22,hvac_scores5b.csv
kdbhvac.ca,Canada,Kamloops,map,hvac,WordPress,46,77,73,77,17695,0,421,4575,7422294,,,2026-09-22,hvac_scores5b.csv
kvamechanical.com,Canada,Kamloops,approved,hvac,WordPress,86,96,100,100,3226,0,12,1201,897640,,,2026-09-22,hvac_scores5b.csv
puresolutionltd.com,Canada,Kamloops,approved,hvac,Squarespace,54,95,100,92,4952,0,745,3002,2231427,,,2026-09-22,hvac_scores5b.csv
readyrefrigeration.ca,Canada,Kamloops,map,hvac,Drupal,42,90,74,100,8504,0,144,3786,2751296,,,2026-09-22,hvac_scores2.csv
phillipsplumbingandheating.ca,Canada,Kelowna,approved,hvac,unknown,69,73,100,92,5034,0,111,2552,1657510,,,2026-09-22,hvac_scores4b.csv
saltirebc.ca,Canada,Kelowna,research,hvac,unknown,61,80,100,91,6167,0,83,4429,1024142,,,2026-09-22,hvac_scores4b.csv
visionplumbingandheating.com,Canada,Kelowna,map,hvac,,37,81,96,92,9976,0,1141,2882,5242040,AVERAGE,,2026-09-22,hvac_scores4b.csv
bsdhvac.com,Canada,Kingston,research,hvac,WordPress,57,92,100,92,9302,0,324,2295,3967675,,,2026-09-22,hvac_scores5a.csv
ecmcorp.ca,Canada,Kingston,map,hvac,Squarespace,41,95,100,92,8794,0,588,5433,2760906,,,2026-09-22,hvac_scores5a.csv
reinsheating.com,Canada,Kingston,map,hvac,unknown,35,88,88,91,16780,0,902,10852,6954164,AVERAGE,,2026-09-22,hvac_scores5a.csv
bayridgephysio.com,Canada,Kingston,map,physio,Wix,73,89,100,100,5898,0,27,3031,1525755,,,2026-09-25,physio_scores4.csv
besthealthphysio.ca,Canada,Kingston,map,physio,,90,87,96,92,2778,0,0,2703,570232,,,2026-09-25,physio_scores4.csv
ktpt.ca,Canada,Kingston,map,physio,Wix,54,98,100,92,7518,0,373,3460,4307569,FAST,,2026-09-25,physio_scores4.csv
rightmovept.com,Canada,Kingston,map,physio,unknown,54,87,77,92,10868,0,444,2432,14085299,,,2026-09-25,physio_scores4.csv
chenierkingston.com,Canada,Kingston,domain_token,realtor,Wix,75,95,100,92,4845,0,70,3487,2802766,,,2026-09-23,realtor_scores.csv
keenonkingston.com,Canada,Kingston,domain_token,realtor,unknown,90,59,92,92,3546,0,0,1530,504440,,,2026-09-23,realtor_scores.csv
kingstonrealestate.com,Canada,Kingston,domain_token,realtor,WordPress,57,91,96,100,19082,0,186,4508,3471763,,,2026-09-23,realtor_scores.csv
lwrealty.ca,Canada,Kingston,approved,realtor,unknown,56,87,100,92,18675,0,565,2587,30023772,,,2026-09-23,realtor_scores.csv
mishelemahoney.com,Canada,Kingston,map,realtor,unknown,39,74,96,92,7983,0,701,5583,26841950,,,2026-09-23,realtor_scores.csv
wendymcadoo.remaxhallmarkfirst.com,Canada,Kingston,map,realtor,,21,85,96,92,21548,0,697,4214,3838704,,,2026-09-23,realtor_scores.csv
infinitihvac.com,Canada,Kitchener,approved,hvac,,,,,,,,,,,,failed after retries,2026-09-22,hvac_scores4a.csv
sooplumbingkitchener.com,Canada,Kitchener,domain_token,hvac,,80,80,96,100,3901,0,0,2711,521374,,,2026-09-22,hvac_scores4a.csv
abodyinmotion.ca,Canada,Kitchener,map,physio,WordPress,56,88,96,92,9451,0,381,3040,2451258,,,2026-09-25,physio_scores3.csv
advantagephysio.com,Canada,Kitchener,map,physio,Wix,74,93,100,92,6509,0,140,1545,2256194,,,2026-09-25,physio_scores3.csv
apollophysio.ca,Canada,Kitchener,map,physio,unknown,62,85,100,100,8508,0,137,3286,1684249,,,2026-09-25,physio_scores3.csv
bodytechphysio.ca,Canada,Kitchener,map,physio,unknown,67,94,100,100,5994,0,340,1887,716975,,,2026-09-25,physio_scores3.csv
kitchenerphysiotherapy.com,Canada,Kitchener,map,physio,,62,79,88,75,3510,0,584,3337,2850333,AVERAGE,,2026-09-25,physio_scores3.csv
kwicphysiotherapy.com,Canada,Kitchener,map,physio,WordPress,67,86,96,92,5147,0,33,2754,1038920,,,2026-09-25,physio_scores3.csv
livewellhealthandphysiotherapy.com,Canada,Kitchener,map,physio,WordPress,46,76,96,92,19000,0,596,2884,3570971,AVERAGE,,2026-09-25,physio_scores3.csv
motusphysio.ca,Canada,Langford,map,physio,WordPress,56,66,96,85,11618,0,289,3157,1792250,AVERAGE,,2026-09-25,physio_scores4.csv
actionsportphysio.com/en/physiotherapy-clinic-laval,Canada,Laval,map,physio,unknown,44,76,96,85,19397,0,979,2143,6044966,AVERAGE,,2026-09-24,physio_scores1.csv
cliniquecmi.com/en/clinics-physiotherapy/physio-laval,Canada,Laval,map,physio,WordPress,61,94,96,100,2856,0,890,2856,3812570,AVERAGE,,2026-09-24,physio_scores1.csv
cmslaval.com,Canada,Laval,map,physio,WordPress,49,93,96,100,14950,0,71,4352,3167284,FAST,,2026-09-24,physio_scores1.csv
en.physiolavalqc.com,Canada,Laval,map,physio,,31,90,92,85,23878,0,1716,3936,42944647,,,2026-09-24,physio_scores1.csv
evolutionphysio.com/cliniques/clinique-laval-lavenir,Canada,Laval,map,physio,unknown,51,79,96,100,2754,0,549,1032,5186970,AVERAGE,,2026-09-24,physio_scores1.csv
kinatex.com/cliniques/laval,Canada,Laval,map,physio,WordPress,37,74,92,92,9961,0,2472,1557,5120344,AVERAGE,,2026-09-24,physio_scores1.csv
kinatex.com/cliniques/sainte-rose,Canada,Laval,map,physio,WordPress,36,74,92,92,9652,0,4250,1574,5071716,AVERAGE,,2026-09-25,physio_scores2.csv
lavalphysio.ca,Canada,Laval,map,physio,,90,89,100,92,2401,0,0,1243,588870,,,2026-09-24,physio_scores1.csv
mouvementphysio.com/en/laval/sainte-rose,Canada,Laval,map,physio,unknown,65,84,81,100,4201,0,317,4080,13315600,,,2026-09-24,physio_scores1.csv
physiomotionplus.com,Canada,Laval,map,physio,unknown,90,87,96,100,2323,0,89,2070,2787610,,,2026-09-24,physio_scores1.csv
physiotherapieuniverselle.com/cliniques/cure-labelle,Canada,Laval,map,physio,,37,87,73,100,37047,0,2035,1502,6368469,SLOW,,2026-09-24,physio_scores1.csv
lethbridgeheating.com,Canada,Lethbridge,map,hvac,Wix,48,92,100,92,7727,0,725,3100,2666400,,,2026-09-22,hvac_scores5b.csv
myservicecompany.ca,Canada,Lethbridge,research,hvac,,64,100,96,100,4983,0,294,2113,1475318,,,2026-09-22,hvac_scores5b.csv
reiveplumbingandheating.ca,Canada,Lethbridge,map,hvac,unknown,41,85,92,92,17408,0,760,4561,2536298,,,2026-09-22,hvac_scores5b.csv
simpsonplumbing.ca,Canada,Lethbridge,map,hvac,WordPress,41,84,92,85,16895,0,578,12188,5269795,,,2026-09-22,hvac_scores5b.csv
novaction.ca,Canada,Levis,map,physio,WordPress,97,96,100,100,1726,0,0,1351,424921,AVERAGE,,2026-09-25,physio_scores6.csv
physioco.ca,Canada,Levis,map,physio,WordPress,53,89,96,100,15076,0,424,2077,4522832,,,2026-09-25,physio_scores6.csv
reeducactive.com,Canada,Levis,map,physio,Drupal,47,88,88,92,10711,0,173,5622,3493935,,,2026-09-25,physio_scores6.csv
courtierimmobilierlevis.ca,Canada,Levis,map,realtor,unknown,31,81,92,83,22803,0,2102,3227,7200398,,,2026-09-24,levis_realtor_scores.csv
helenefraser.com,Canada,Levis,map,realtor,unknown,42,97,100,100,6213,0,917,3155,2090835,,,2026-09-24,levis_realtor_scores.csv
jacinthepelletier.com,Canada,Levis,map,realtor,unknown,36,77,92,83,18228,0,1130,3189,12168834,,,2026-09-24,levis_realtor_scores.csv
jeanfrancoismorin.ca,Canada,Levis,map,realtor,WordPress,19,78,96,92,52919,0,7376,11101,10559175,AVERAGE,,2026-09-24,levis_realtor_scores.csv
jonathanmetivier.com,Canada,Levis,map,realtor,unknown,33,77,88,83,6903,0,2200,3212,15278657,,,2026-09-24,levis_realtor_scores.csv
martinblanchet.com,Canada,Levis,map,realtor,unknown,30,77,96,83,25816,0,3696,3251,11483604,,,2026-09-24,levis_realtor_scores.csv
michelgingrascourtierimmobilier.com,Canada,Levis,map,realtor,WordPress,49,77,96,85,48377,0,322,5101,9075925,,,2026-09-24,levis_realtor_scores.csv
nicolasmercier.ca,Canada,Levis,map,realtor,unknown,30,78,96,83,26059,0,3997,3261,13051491,,,2026-09-24,levis_realtor_scores.csv
patricklemaycourtier.com,Canada,Levis,map,realtor,unknown,61,97,100,100,3594,0,675,2760,1857920,,,2026-09-24,levis_realtor_scores.csv
simonbegin.com,Canada,Levis,map,realtor,unknown,31,77,92,83,27756,0,2246,3208,13258839,,,2026-09-24,levis_realtor_scores.csv
desrocheshvac.com,Canada,London,map,hvac,WordPress,35,77,69,85,42081,0,803,3796,9958776,,,2026-09-22,hvac_scores4a.csv
georgesplumbingandheating.ca,Canada,London,approved,hvac,,71,89,96,100,7351,0,0,1951,1757443,,,2026-09-22,hvac_scores4a.csv
hydeparkplumbing.ca,Canada,London,map,hvac,WordPress,35,95,96,85,11701,0,926,9901,4493739,,,2026-09-22,hvac_scores4a.csv
oosterveldheating.com,Canada,London,map,hvac,,36,78,77,100,12526,0,1270,3055,8215333,,,2026-09-22,hvac_scores5a.csv
popeplumbing.ca,Canada,London,approved,hvac,WordPress,61,93,96,92,8005,0,9,3607,1311152,,,2026-09-22,hvac_scores4a.csv
practicalplumbing.ca,Canada,London,research,hvac,Squarespace,57,89,100,92,12233,0,119,5029,3071947,,,2026-09-22,hvac_scores4a.csv
salmonplumbing.com,Canada,London,research,hvac,,58,82,100,92,9532,0,346,2870,1529486,,,2026-09-22,hvac_scores4a.csv
centraloptometry.com,Canada,London,row,optometrist,WordPress,25,89,96,85,15769,1,400,3906,2888877,AVERAGE,,2026-09-25,opt_data.csv
drmaoeyecare.com,Canada,London,row,optometrist,unknown,48,80,92,100,7171,0,466,3360,2582560,,,2026-09-25,opt_data.csv
eastlondonoptometry.com,Canada,London,row,optometrist,WordPress,75,85,96,100,4051,0,89,3155,1446968,,,2026-09-25,opt_data.csv
oldsouthoptometry.com,Canada,London,row,optometrist,WordPress,30,85,96,100,5353,0,532,3061,1293820,,,2026-09-25,opt_data.csv
elevatephysio.com,Canada,London,map,physio,Weebly,64,67,100,92,4054,0,454,4054,2126536,,,2026-09-24,physio_scores1.csv
londonphysicaltherapyclinic.com,Canada,London,map,physio,unknown,67,78,92,100,5783,0,0,2878,2282153,,,2026-09-25,physio_scores5.csv
londonphysio.ca,Canada,London,map,physio,WordPress,82,97,96,85,3582,0,14,3180,3023423,,,2026-09-24,physio_scores1.csv
neuphysio.com,Canada,London,map,physio,WordPress,63,81,100,92,9062,0,148,2456,1568452,,,2026-09-24,physio_scores1.csv
profunction.ca,Canada,London,map,physio,WordPress,64,89,100,100,4807,0,166,3907,5124153,AVERAGE,,2026-09-24,physio_scores1.csv
avenuesourire.com,Canada,Longueuil,filename,dental,WordPress,57,88,73,92,20945,0,253,2934,11911076,,,2026-09-22,longueuil_scores.csv
bucca.ca,Canada,Longueuil,filename,dental,,32,97,96,100,16394,0,501,2651,2897111,,,2026-09-22,longueuil_scores2.csv
cddvl.com,Canada,Longueuil,filename,dental,WordPress,63,93,78,100,4081,0,334,3782,5358278,,,2026-09-22,longueuil_scores.csv
cdmm.ca,Canada,Longueuil,filename,dental,WordPress,66,71,54,85,4652,0,180,3005,6050290,SLOW,,2026-09-22,longueuil_scores4.csv
centredentaire1450.com,Canada,Longueuil,filename,dental,,56,96,96,100,12929,0,488,2480,2774772,,,2026-09-22,longueuil_scores.csv
centredentairebrossard.ca,Canada,Longueuil,filename,dental,unknown,59,88,100,92,7499,0,367,3502,2586650,,,2026-09-22,longueuil_scores4.csv
centredentairechristinemarcoux.com,Canada,Longueuil,filename,dental,,,,,,,,,,,,failed after retries,2026-09-22,longueuil_scores2.csv
centredentairefancelli.ca,Canada,Longueuil,filename,dental,,34,83,96,92,8716,0,415,2548,3047193,AVERAGE,,2026-09-22,longueuil_scores2.csv
clinique-de-sante-dentaire-st-jean.com,Canada,Longueuil,filename,dental,WordPress,71,92,100,100,4073,0,0,3473,1127132,,,2026-09-22,longueuil_scores3.csv
clinique3601.com,Canada,Longueuil,map,dental,WordPress,23,83,96,100,21972,0,1563,3605,3715495,AVERAGE,,2026-09-22,longueuil_scores.csv
cliniquedentairebrossard.com,Canada,Longueuil,map,dental,unknown,47,61,96,92,7230,0,105,2723,2307812,,,2026-09-22,longueuil_scores4.csv
cliniquedentairece.com,Canada,Longueuil,filename,dental,unknown,58,82,96,100,12303,0,190,3766,5324783,,,2026-09-22,longueuil_scores4.csv
cliniquedentairechamblylatour.com,Canada,Longueuil,filename,dental,unknown,63,89,96,100,7177,0,119,2851,10744413,,,2026-09-22,longueuil_scores2.csv
cliniquedentairega.com,Canada,Longueuil,filename,dental,unknown,63,84,96,85,8817,0,230,3101,16834942,,,2026-09-22,longueuil_scores4.csv
cliniquedentairegervais.com,Canada,Longueuil,filename,dental,,26,88,96,100,7474,0,842,2543,2658124,AVERAGE,,2026-09-22,longueuil_scores.csv
cliniquedentairelongueuil.com,Canada,Longueuil,filename,dental,unknown,72,93,100,100,5404,0,34,3453,751625,,,2026-09-22,longueuil_scores.csv
cliniquedentairesirois.com,Canada,Longueuil,filename,dental,Wix,67,96,96,100,5281,0,196,3302,2765445,,,2026-09-22,longueuil_scores.csv
cliniqueoradent.com,Canada,Longueuil,filename,dental,,82,89,92,85,3948,0,204,1652,1119476,,,2026-09-22,longueuil_scores2.csv
cliniquesagessedentaire.com,Canada,Longueuil,map,dental,unknown,45,86,100,100,16679,0,808,3059,4305259,,,2026-09-22,longueuil_scores.csv
cliniquestcharles.com,Canada,Longueuil,filename,dental,WordPress,75,75,100,92,5701,0,0,2251,1660065,FAST,,2026-09-22,longueuil_scores.csv
dentiste-denturologiste.ca,Canada,Longueuil,filename,dental,unknown,46,83,100,91,7113,0,611,3605,3665481,,,2026-09-22,longueuil_scores.csv
dentiste-longueuil.ca,Canada,Longueuil,filename,dental,unknown,56,98,100,100,8075,0,483,3050,1130763,,,2026-09-22,longueuil_scores.csv
dentistesaintlambert.ca,Canada,Longueuil,filename,dental,WordPress,91,85,100,85,2851,0,0,2701,2877285,,,2026-09-22,longueuil_scores.csv
dentsainthubert.com,Canada,Longueuil,filename,dental,WordPress,59,95,96,100,7726,0,0,3757,1400396,,,2026-09-22,longueuil_scores.csv
ivoire.ca/cliniques/saint-hubert,Canada,Longueuil,filename,dental,WordPress,62,88,100,100,7887,0,142,2480,1424692,SLOW,,2026-09-22,longueuil_scores.csv
kinatex.com/cliniques/sainte-julie-beloeil,Canada,Longueuil,map,physio,WordPress,37,86,92,100,10241,0,3054,1551,5076029,AVERAGE,,2026-09-25,physio_scores2.csv
kinatex.com/cliniques/vieux-longueuil,Canada,Longueuil,map,physio,WordPress,38,86,92,100,11054,0,3458,1547,4757944,AVERAGE,,2026-09-25,physio_scores2.csv
physioosteolongueuil.ca,Canada,Longueuil,map,physio,,59,93,73,40,6700,0,673,1781,1217136,,,2026-09-25,physio_scores2.csv
vancityplumbing.com,Canada,Maple Ridge,approved,hvac,WordPress,71,100,100,92,4790,0,118,2742,1738314,,,2026-09-22,hvac_scores2.csv
holtonplumbing.ca,Canada,Mission,research,hvac,unknown,74,97,100,100,5588,0,10,2576,1650857,,,2026-09-22,hvac_scores5b.csv
altimaerinmillsdental.com,Canada,Mississauga,filename,dental,,24,98,96,92,25674,0,2642,16414,6546225,,,2026-09-22,mississauga_scores.csv
applewoodvillagedentistry.ca,Canada,Mississauga,filename,dental,ProSites,,84,63,85,,0,,7775,5426842,,,2026-09-22,mississauga_scores.csv
brandongatedental.com,Canada,Mississauga,filename,dental,WordPress,66,85,96,92,3241,0,71,1827,2455091,,,2026-09-22,mississauga_scores.csv
burnhamthorpedentistry.ca,Canada,Mississauga,filename,dental,WordPress,34,83,96,92,7057,0,1118,6456,5181097,,,2026-09-22,mississauga_scores.csv
casadental.ca,Canada,Mississauga,map,dental,,41,84,96,85,21763,0,608,9096,4360340,,,2026-09-22,mississauga_scores.csv
cawthradental.com,Canada,Mississauga,filename,dental,,27,77,96,85,18535,0,259,9234,3805367,AVERAGE,,2026-09-22,mississauga_scores.csv
clarksondentist.com,Canada,Mississauga,filename,dental,unknown,97,100,100,100,2251,0,97,975,453034,,,2026-09-22,mississauga_scores.csv
collegewaydental.com,Canada,Mississauga,filename,dental,Wix,64,92,54,100,3677,0,778,3002,4343554,,,2026-09-22,mississauga_scores.csv
confederationdental.com,Canada,Mississauga,map,dental,WordPress,44,48,100,92,8365,0,486,2693,1389235,,,2026-09-22,mississauga_scores.csv
cosmodont.com,Canada,Mississauga,filename,dental,WordPress,64,92,96,92,4951,0,63,4210,2945301,,,2026-09-22,mississauga_scores.csv
cosmodont.com/m city dental,Canada,Mississauga,filename,dental,WordPress,75,92,96,50,4216,0,14,3484,1322945,,,2026-09-22,mississauga_scores.csv
dentalloftmississauga.ca,Canada,Mississauga,map,dental,unknown,40,91,81,85,7054,0,340,2254,2620038,,,2026-09-22,mississauga_scores.csv
dentistryatdundas.ca,Canada,Mississauga,filename,dental,WordPress,53,88,96,100,7825,0,376,3424,21798283,,,2026-09-22,mississauga_scores.csv
dentistryinstreetsville.com,Canada,Mississauga,map,dental,Wix,48,90,,100,5754,0,994,3641,5208027,,,2026-09-22,mississauga_scores.csv
dentistsmississauga.ca,Canada,Mississauga,filename,dental,unknown,65,65,77,100,6960,0,45,4116,1125649,,,2026-09-22,mississauga_scores.csv
dixiedundasdentistry.com,Canada,Mississauga,filename,dental,WordPress,60,93,100,92,35186,0,129,3861,6256676,,,2026-09-22,mississauga_scores.csv
drbeenageorge.com,Canada,Mississauga,filename,dental,WordPress,69,93,92,100,3226,0,0,1085,934310,,,2026-09-22,mississauga_scores.csv
drdoandentistry.com,Canada,Mississauga,filename,dental,WordPress,57,81,96,92,9526,0,73,4054,1325899,,,2026-09-22,mississauga_scores.csv
driskanderdental.ca,Canada,Mississauga,filename,dental,unknown,56,80,96,100,21161,0,66,5747,3853634,,,2026-09-22,mississauga_scores.csv
dundastomkendental.com,Canada,Mississauga,filename,dental,unknown,74,71,69,92,3971,0,156,3371,1165272,,,2026-09-22,mississauga_scores.csv
erinmillsdental.com,Canada,Mississauga,filename,dental,WordPress,62,88,100,92,10132,0,65,4528,2232230,,,2026-09-22,mississauga_scores.csv
erinmillssmilesdentistry.com,Canada,Mississauga,map,dental,unknown,41,77,73,100,22621,0,343,15650,6234644,,,2026-09-22,mississauga_scores.csv
erinwooddental.com,Canada,Mississauga,filename,dental,WordPress,35,95,96,92,9526,0,1702,2856,15860267,AVERAGE,,2026-09-22,mississauga_scores.csv
familycaredental.ca,Canada,Mississauga,filename,dental,WordPress,60,85,56,77,8833,0,28,4384,1477025,,,2026-09-22,mississauga_scores.csv
harborndental.com,Canada,Mississauga,filename,dental,Wix,69,90,100,92,6858,0,114,2559,3951281,,,2026-09-22,mississauga_scores.csv
irisdentalgroup.com,Canada,Mississauga,map,dental,unknown,41,82,96,100,21393,0,339,7115,6564854,,,2026-09-22,mississauga_scores.csv
lorneparkdental.com,Canada,Mississauga,filename,dental,Drupal,60,94,100,92,7263,0,314,2375,903628,,,2026-09-22,mississauga_scores.csv
maltonfamilydental.ca,Canada,Mississauga,filename,dental,WordPress,98,84,96,100,1651,0,0,1213,10042984,,,2026-09-22,mississauga_scores.csv
maltongorewaydental.ca,Canada,Mississauga,filename,dental,unknown,53,80,69,100,17205,0,207,9963,5002327,,,2026-09-22,mississauga_scores.csv
mcitydental.ca,Canada,Mississauga,filename,dental,WordPress,79,100,81,100,4457,0,0,2731,3165020,,,2026-09-22,mississauga_scores.csv
meadowvaledental.com,Canada,Mississauga,map,dental,,43,63,69,92,4327,0,1582,3372,4038758,,,2026-09-22,mississauga_scores.csv
meadowvalefamilydentistry.com,Canada,Mississauga,filename,dental,unknown,44,85,92,92,15459,0,419,7688,4524139,,,2026-09-22,mississauga_scores.csv
meadowvalesmiles.com,Canada,Mississauga,filename,dental,WordPress,55,84,69,92,27618,0,0,8043,12377957,,,2026-09-22,mississauga_scores.csv
mississaugadentalcare.com,Canada,Mississauga,filename,dental,WordPress,63,74,100,85,12695,0,36,2722,3142301,,,2026-09-22,mississauga_scores.csv
mississaugadentistry.com,Canada,Mississauga,filename,dental,,73,83,81,92,5961,0,38,1529,1087508,,,2026-09-22,mississauga_scores.csv
mississaugafamilydentistry.com,Canada,Mississauga,filename,dental,WordPress,60,90,73,92,5551,0,357,3151,2584295,,,2026-09-22,mississauga_scores.csv
mississaugasmilesdentistry.com,Canada,Mississauga,map,dental,WordPress,39,89,100,100,15394,0,818,3968,4542938,AVERAGE,,2026-09-22,mississauga_scores.csv
mississaugauptowndental.com,Canada,Mississauga,filename,dental,WordPress,56,88,81,85,11762,0,25,5431,2195990,,,2026-09-22,mississauga_scores.csv
portcreditdental.com,Canada,Mississauga,filename,dental,WordPress,69,92,100,100,6060,0,123,2428,675571,,,2026-09-22,mississauga_scores.csv
sanadentistry.ca,Canada,Mississauga,filename,dental,unknown,75,96,100,100,4258,0,61,2705,840628,,,2026-09-22,mississauga_scores.csv
sq1healthgroup.com,Canada,Mississauga,filename,dental,WordPress,58,89,77,100,8326,0,195,3190,2400685,AVERAGE,,2026-09-22,mississauga_scores.csv
square1dental.com,Canada,Mississauga,filename,dental,,53,61,69,85,3642,0,1246,2588,4883678,,,2026-09-22,mississauga_scores.csv
squareonesmiles.com,Canada,Mississauga,filename,dental,WordPress,79,80,100,100,4379,0,6,1407,10426405,,,2026-09-22,mississauga_scores.csv
studiodentalcentres.ca,Canada,Mississauga,filename,dental,WordPress,63,92,96,85,4531,0,339,3793,4660497,AVERAGE,,2026-09-22,mississauga_scores.csv
thesmilecentre.com,Canada,Mississauga,filename,dental,WordPress,62,92,100,92,13202,0,0,2702,6706238,,,2026-09-22,mississauga_scores.csv
tomkendental.com,Canada,Mississauga,map,dental,WordPress,36,82,92,100,15247,0,954,7996,46622218,,,2026-09-22,mississauga_scores.csv
towncentredental.org,Canada,Mississauga,filename,dental,,54,96,96,100,6414,0,561,2855,1156345,,,2026-09-22,mississauga_scores.csv
trilliumsmiledentistry.com,Canada,Mississauga,map,dental,WordPress,38,83,96,92,15236,0,286,3757,4550105,,,2026-09-22,mississauga_scores.csv
turtlecreekdental.ca,Canada,Mississauga,map,dental,,41,80,96,92,4651,0,1326,2863,4276578,,,2026-09-22,mississauga_scores.csv
villagedentalofstreetsville.com,Canada,Mississauga,filename,dental,WordPress,57,86,88,92,7648,0,327,1844,1414267,,,2026-09-22,mississauga_scores.csv
wcdental.ca,Canada,Mississauga,map,dental,WordPress,46,85,96,100,8202,0,566,4095,8321019,,,2026-09-22,mississauga_scores.csv
willowdental.com,Canada,Mississauga,filename,dental,WordPress,86,90,96,100,2810,0,383,1299,17311826,,,2026-09-22,mississauga_scores.csv
mississaugaplumbingandpiperepair.ca,Canada,Mississauga,domain_token,hvac,,63,77,100,85,2585,0,0,2585,597285,,,2026-09-22,hvac_scores3.csv
ermen.ca,Canada,Moncton,map,hvac,WordPress,49,77,96,85,21894,0,122,19362,7131062,,,2026-09-22,hvac_scores4b.csv
francoplumbing.ca,Canada,Moncton,approved,hvac,unknown,68,88,100,92,3874,0,726,1956,988240,,,2026-09-22,hvac_scores4b.csv
legacygasworks.ca,Canada,Moncton,approved,hvac,,58,75,96,92,8274,0,211,2927,2446191,,,2026-09-22,hvac_scores4b.csv
moncton-plumbing.ca,Canada,Moncton,domain_token,hvac,Wix,73,95,100,100,5966,0,0,2555,1934726,,,2026-09-22,hvac_scores4b.csv
keystonephysiotherapy.ca,Canada,Moncton,map,physio,WordPress,23,81,73,85,12978,0,864,9453,4355453,,,2026-09-25,physio_scores6.csv
maxhealthmoncton.ca,Canada,Moncton,map,physio,Wix,89,93,100,92,3160,0,17,2707,1915639,FAST,,2026-09-25,physio_scores6.csv
nexusphysio.ca,Canada,Moncton,map,physio,,38,91,96,85,18140,0,763,4352,3179560,SLOW,,2026-09-25,physio_scores6.csv
cliniqueoptobelanger.com,Canada,Montreal,row,optometrist,unknown,39,93,96,92,28467,0,738,3996,16463869,FAST,,2026-09-25,opt_data.csv
cliniqueoptometriste.keratoptik.com,Canada,Montreal,row,optometrist,unknown,38,92,100,92,29292,0,22,3908,13148768,,,2026-09-25,opt_data.csv
harina.ca,Canada,Montreal,row,optometrist,unknown,33,81,92,100,8436,0,283,3198,6748004,AVERAGE,,2026-09-25,opt_data.csv
vision770.com,Canada,Montreal,row,optometrist,unknown,48,92,96,100,12620,0,663,1654,3171381,,,2026-09-25,opt_data.csv
actionsportphysio.com/en/physiotherapy-clinic-montreal-villeray,Canada,Montreal,map,physio,unknown,37,76,96,92,16526,0,2683,2151,4932049,AVERAGE,,2026-09-24,physio_scores1.csv
alliancephysio-osteo.com,Canada,Montreal,map,physio,WordPress,71,93,96,100,9176,0,0,1251,1701764,,,2026-09-24,physio_scores1.csv
clinique-ser.ca,Canada,Montreal,map,physio,WordPress,60,79,96,92,4520,0,342,3916,3188830,FAST,,2026-09-24,physio_scores1.csv
cliniquespo.com,Canada,Montreal,map,physio,WordPress,57,94,96,77,14026,0,315,2717,3763804,,,2026-09-24,physio_scores1.csv
kinatex.com/cliniques/ahuntsic-cartierville,Canada,Montreal,map,physio,WordPress,46,83,92,100,7351,0,1257,1544,3913173,AVERAGE,,2026-09-25,physio_scores2.csv
kinatex.com/cliniques/ahuntsic-fleury,Canada,Montreal,map,physio,WordPress,37,74,92,92,10270,0,2608,1558,5140957,AVERAGE,,2026-09-25,physio_scores2.csv
kinatex.com/cliniques/centre-ville,Canada,Montreal,map,physio,WordPress,38,69,92,92,9030,0,2002,1532,5162927,AVERAGE,,2026-09-24,physio_scores1.csv
kinatex.com/cliniques/complexe-desjardins,Canada,Montreal,map,physio,WordPress,36,69,92,92,11239,0,2794,1537,5370527,AVERAGE,,2026-09-25,physio_scores2.csv
kinatex.com/cliniques/dorval,Canada,Montreal,map,physio,WordPress,36,69,92,92,10180,0,3238,1543,5144378,AVERAGE,,2026-09-25,physio_scores2.csv
kinatex.com/cliniques/gare-centrale,Canada,Montreal,map,physio,WordPress,40,86,92,100,6376,0,2973,1540,4314427,AVERAGE,,2026-09-25,physio_scores2.csv
kinatex.com/cliniques/griffintown,Canada,Montreal,map,physio,WordPress,36,69,92,92,10508,0,2766,1539,5142561,AVERAGE,,2026-09-24,physio_scores1.csv
kinatex.com/cliniques/pierrefonds,Canada,Montreal,map,physio,WordPress,43,86,92,100,7576,0,1611,1539,3939618,AVERAGE,,2026-09-25,physio_scores2.csv
kinatex.com/cliniques/plateau-mont-royal,Canada,Montreal,map,physio,WordPress,38,69,92,92,9872,0,2296,1563,5145257,AVERAGE,,2026-09-24,physio_scores1.csv
kinatex.com/cliniques/rockland,Canada,Montreal,map,physio,WordPress,38,74,92,92,10235,0,2118,1542,5133595,AVERAGE,,2026-09-25,physio_scores2.csv
kinatex.com/cliniques/rosemont,Canada,Montreal,map,physio,WordPress,39,69,92,92,10013,0,1888,1544,5190781,AVERAGE,,2026-09-25,physio_scores2.csv
kinatex.com/cliniques/saint-hubert,Canada,Montreal,map,physio,WordPress,42,83,92,100,9035,0,1548,1541,4563621,AVERAGE,,2026-09-25,physio_scores2.csv
kinatex.com/cliniques/saint-leonard,Canada,Montreal,map,physio,WordPress,38,74,92,92,9968,0,2229,1551,5135824,AVERAGE,,2026-09-25,physio_scores2.csv
kinatex.com/cliniques/vieux-montreal,Canada,Montreal,map,physio,WordPress,36,86,92,100,6751,0,5449,2251,4269392,AVERAGE,,2026-09-25,physio_scores2.csv
kinatex.com/cliniques/westmount,Canada,Montreal,map,physio,WordPress,41,83,92,100,6226,0,2293,1560,3949463,AVERAGE,,2026-09-25,physio_scores2.csv
mvtplus.ca/plateau,Canada,Montreal,map,physio,Wix,40,85,73,100,4520,0,1552,4445,18583223,FAST,,2026-09-24,physio_scores1.csv
physioplateau.com,Canada,Montreal,map,physio,,39,90,96,100,8026,0,970,3210,3220485,SLOW,,2026-09-24,physio_scores1.csv
soluvie.ca,Canada,Montreal,map,physio,WordPress,67,96,100,100,7201,0,162,2155,1330979,,,2026-09-24,physio_scores1.csv
clarkeplumbing.ca,Canada,Oshawa,research,hvac,unknown,66,85,100,69,7040,0,74,3343,1432262,,,2026-09-22,hvac_scores5a.csv
hugheshvac.ca,Canada,Oshawa,map,hvac,Wix,46,96,100,100,5964,0,238,2267,1899816,,,2026-09-22,hvac_scores5a.csv
centralparkphysiotherapy.ca,Canada,Oshawa,map,physio,WordPress,68,74,96,92,4294,0,165,4144,7395112,,,2026-09-25,physio_scores5.csv
prohealthoshawaphysio.ca,Canada,Oshawa,map,physio,WordPress,96,88,96,92,2011,0,0,2011,859147,,,2026-09-25,physio_scores5.csv
a2dental.ca,Canada,Ottawa,filename,dental,WordPress,63,80,73,85,3005,0,926,3005,10456464,,,2026-09-21,ottawa_scores.csv
centretowndental.com,Canada,Ottawa,filename,dental,Wix,75,91,100,92,2948,0,288,2797,3278560,,,2026-09-21,ottawa_scores2.csv
cityviewfamilydental.ca,Canada,Ottawa,map,dental,Tymbrel,17,97,96,92,9085,0,2115,2492,2961079,,,2026-09-21,ottawa_scores2.csv
clydedentalcentre.ca,Canada,Ottawa,filename,dental,WordPress,56,89,96,92,6151,0,436,2556,4333967,,,2026-09-21,ottawa_scores.csv
dentistryonbank.com,Canada,Ottawa,filename,dental,Tymbrel,57,94,96,92,5124,0,603,2488,3229070,,,2026-09-21,ottawa_scores2.csv
dentocare.ca,Canada,Ottawa,filename,dental,WordPress,55,91,92,100,17190,0,453,2290,3242972,AVERAGE,,2026-09-21,ottawa_scores.csv
docsottawa.com,Canada,Ottawa,map,dental,WordPress,46,86,96,85,23076,0,400,10987,14327904,FAST,,2026-09-21,ottawa_scores3.csv
drsarasyed.com,Canada,Ottawa,filename,dental,WordPress,57,70,81,100,10235,0,112,3335,3726207,,,2026-09-21,ottawa_scores.csv
drszedental.com,Canada,Ottawa,map,dental,WordPress,43,84,78,100,8955,0,187,3044,42735812,,,2026-09-21,ottawa_scores3.csv
dryudentistry.com,Canada,Ottawa,filename,dental,unknown,72,97,100,92,2274,0,1312,1037,1833990,,,2026-09-21,ottawa_scores2.csv
elgindental.ca,Canada,Ottawa,filename,dental,unknown,54,94,74,91,44683,0,152,2763,8572767,,,2026-09-21,ottawa_scores.csv
gloucesterfamilydentistry.com,Canada,Ottawa,filename,dental,,90,87,96,100,2251,0,0,1805,641911,,,2026-09-21,ottawa_scores2.csv
kanatafamilydentistry.com,Canada,Ottawa,filename,dental,unknown,84,89,100,92,3660,0,264,1820,16073420,,,2026-09-21,ottawa_scores2.csv
kensondowntowndentistry.ca,Canada,Ottawa,filename,dental,ProSites,,83,81,85,,0,,6379,4567068,,,2026-09-21,ottawa_retry.csv
kentstreetdental.ca,Canada,Ottawa,filename,dental,Tymbrel,56,83,96,100,6972,0,414,2320,2160775,,,2026-09-21,ottawa_scores.csv
mersaldental.ca,Canada,Ottawa,filename,dental,Wix,71,95,100,100,7187,0,66,2871,2210980,,,2026-09-21,ottawa_scores3.csv
myorleansdentist.com,Canada,Ottawa,filename,dental,,73,94,96,40,2644,0,1115,985,283111,,,2026-09-21,ottawa_scores2.csv
nepeandentalcentre.com,Canada,Ottawa,filename,dental,NexHealth,62,90,92,100,7789,0,128,2887,4001531,,,2026-09-21,ottawa_scores2.csv
nepeanfamilydental.com,Canada,Ottawa,filename,dental,,58,81,96,92,6274,0,57,3468,3359469,,,2026-09-21,ottawa_scores2.csv
oconnordentalhealth.com,Canada,Ottawa,map,dental,Tymbrel,40,95,96,92,9614,0,758,2598,3390991,,,2026-09-21,ottawa_scores2.csv
ottawadentalcare.ca,Canada,Ottawa,map,dental,unknown,36,93,77,85,4079,0,756,2867,16356741,,,2026-09-21,ottawa_scores.csv
ottawadentalspecialty.ca,Canada,Ottawa,filename,dental,unknown,66,74,96,75,18888,0,102,2564,27820819,,,2026-09-21,ottawa_scores.csv
ottawadentistry.ca,Canada,Ottawa,map,dental,Tymbrel,26,92,96,92,11837,0,978,2404,3560352,,,2026-09-21,ottawa_scores.csv
ottawadowntowndentist.ca,Canada,Ottawa,filename,dental,,68,87,96,100,8718,0,114,1831,4097587,,,2026-09-21,ottawa_scores.csv
ottawadowntowndentist.com,Canada,Ottawa,filename,dental,Tymbrel,60,92,96,85,8167,0,422,2203,2147028,,,2026-09-21,ottawa_scores.csv
ottawawestdental.ca,Canada,Ottawa,map,dental,Tymbrel,49,89,96,100,7017,0,176,2153,2072855,,,2026-09-21,ottawa_scores3.csv
rideaudental.ca,Canada,Ottawa,map,dental,Tymbrel,17,93,96,92,6244,0,1253,3426,3208699,,,2026-09-21,ottawa_scores3.csv
rideaudental.ca/services,Canada,Ottawa,filename,dental,Tymbrel,45,98,96,92,5911,0,1019,3193,2678413,,,2026-09-21,ottawa_scores3.csv
rideauriverdental.ca,Canada,Ottawa,filename,dental,WordPress,59,69,73,85,6903,0,72,3898,1618300,,,2026-09-21,ottawa_retry.csv
shifadentistry.com,Canada,Ottawa,filename,dental,WordPress,93,94,96,100,2281,0,0,2281,485760,,,2026-09-21,ottawa_scores.csv
stlaurentdental.com,Canada,Ottawa,map,dental,Tymbrel,35,97,96,92,14241,0,1076,2455,4073069,,,2026-09-21,ottawa_scores3.csv
stonebridgefamilydentistry.ca,Canada,Ottawa,filename,dental,Squarespace,55,94,96,100,13462,0,231,3153,5573076,,,2026-09-21,ottawa_scores2.csv
tenthlinefamilydentistry.ca,Canada,Ottawa,filename,dental,unknown,70,86,96,100,4952,0,99,4535,1038588,,,2026-09-21,ottawa_scores2.csv
thedowntowndentalclinic.ca,Canada,Ottawa,filename,dental,WordPress,97,84,100,100,1958,0,4,1357,15964178,,,2026-09-21,ottawa_scores.csv
thesmiledoctors.ca,Canada,Ottawa,map,dental,unknown,47,85,96,92,12033,0,517,4849,29375990,,,2026-09-21,ottawa_scores.csv
toothand.co,Canada,Ottawa,filename,dental,Squarespace,55,98,100,92,10804,0,269,3978,3037611,SLOW,,2026-09-21,ottawa_scores2.csv
trilliumdental.ca,Canada,Ottawa,map,dental,WordPress,31,80,96,92,11851,0,1293,6771,5305080,SLOW,,2026-09-21,ottawa_scores.csv
wdentalstudio.com,Canada,Ottawa,filename,dental,WordPress,50,87,96,100,4470,0,924,3184,23855931,,,2026-09-21,ottawa_scores2.csv
westborodental.ca,Canada,Ottawa,map,dental,WordPress,38,74,96,85,22814,0,902,4205,4427809,,,2026-09-21,ottawa_scores2.csv
westborodentalcentre.com,Canada,Ottawa,filename,dental,,57,96,96,100,5865,0,128,2855,1155086,,,2026-09-21,ottawa_scores2.csv
westborofamilydentistry.com,Canada,Ottawa,map,dental,WordPress,49,90,73,92,19586,0,189,3173,8919752,,,2026-09-21,ottawa_scores2.csv
ar-plumbing.ca,Canada,Ottawa,map,hvac,unknown,59,81,78,92,4981,0,845,1277,1593588,,,2026-09-22,hvac_scores1.csv
bandwplumbing.ca,Canada,Ottawa,map,hvac,WordPress,56,82,73,92,13905,0,109,8851,3989512,,,2026-09-22,hvac_scores1.csv
ottawaplumbers.ca,Canada,Ottawa,map,hvac,unknown,19,88,73,100,31262,1,457,22321,20583343,,,2026-09-22,hvac_scores1.csv
ottawater.ca,Canada,Ottawa,map,hvac,WordPress,60,96,100,92,7310,0,196,3792,7088871,,,2026-09-22,hvac_scores1.csv
theottawaplumber.com,Canada,Ottawa,map,hvac,WordPress,67,89,100,92,16210,0,0,3035,2892972,,,2026-09-22,hvac_scores1.csv
eye-care.ca,Canada,Ottawa,row,optometrist,unknown,44,89,100,92,19857,0,452,7093,5036527,,,2026-09-25,opt_data.csv
iseeoptometry.ca,Canada,Ottawa,row,optometrist,unknown,44,72,100,83,9294,0,196,6846,3801166,,,2026-09-25,opt_data.csv
medviewoptometry.com,Canada,Ottawa,row,optometrist,WordPress,45,85,96,100,8094,0,147,2855,1314964,,,2026-09-25,opt_data.csv
ottawaeyeclinic.ca,Canada,Ottawa,row,optometrist,unknown,99,92,100,92,2105,0,13,933,354869,FAST,,2026-09-25,opt_data.csv
rideauoptometric.com,Canada,Ottawa,row,optometrist,WordPress,48,93,100,92,5508,0,653,4123,2436556,AVERAGE,,2026-09-25,opt_data.csv
visioncareottawa.ca,Canada,Ottawa,row,optometrist,unknown,59,84,96,92,4661,0,587,2739,3471011,FAST,,2026-09-25,opt_data.csv
613physio.com,Canada,Ottawa,map,physio,WordPress,51,87,58,92,10831,0,467,2339,1727317,,,2026-09-25,physio_scores3.csv
activphysio.ca,Canada,Ottawa,map,physio,WordPress,62,91,100,100,6376,0,161,3211,1346019,,,2026-09-25,physio_scores3.csv
ampedphysiotherapy.com,Canada,Ottawa,map,physio,,83,79,100,77,3151,0,138,2888,2870485,,,2026-09-25,physio_scores3.csv
expertphysioplus.com,Canada,Ottawa,map,physio,WordPress,74,90,96,92,3645,0,235,2775,2093414,SLOW,,2026-09-25,physio_scores3.csv
theratouchphysio.com,Canada,Ottawa,map,physio,WordPress,60,93,96,100,4461,0,320,4236,2166001,,,2026-09-25,physio_scores3.csv
whistlerrealestatelistings.com,Canada,Pemberton,research,realtor,unknown,58,68,96,92,7533,0,60,5599,4389472,,,2026-09-23,realtor_scores.csv
coopersheatingsolutions.com,Canada,Portugal Cove,map,hvac,WordPress,35,91,78,85,21598,0,1095,4089,10921721,,,2026-09-22,hvac_scores4b.csv
altodentaire.com/clinique/dentaire-maizerets,Canada,Quebec,filename,dental,unknown,41,87,100,100,12737,0,866,5553,4283629,FAST,,2026-09-22,quebec_scores5.csv
altodentaire.com/clinique/dentaire-sillery,Canada,Quebec,filename,dental,unknown,38,87,100,100,6456,0,1771,4881,4368146,FAST,,2026-09-22,quebec_scores5.csv
alveodentaire.com,Canada,Quebec,filename,dental,WordPress,61,85,96,100,75161,0,55,4622,14803598,,,2026-09-22,quebec_scores.csv
cdcv.ca,Canada,Quebec,filename,dental,WordPress,49,84,78,61,16937,0,255,4714,2972831,,,2026-09-22,quebec_scores.csv
cdgvf.com,Canada,Quebec,filename,dental,WordPress,57,71,96,77,4094,0,215,2589,1344234,,,2026-09-22,quebec_scores.csv
cdlacbeauport.com,Canada,Quebec,filename,dental,Wix,87,95,100,100,3024,0,182,2565,2821027,,,2026-09-22,quebec_scores.csv
cdquartier.com,Canada,Quebec,filename,dental,,58,94,96,100,9329,0,224,2985,4016573,,,2026-09-22,quebec_scores.csv
centredentairebeauport.com,Canada,Quebec,filename,dental,WordPress,81,86,100,92,4005,0,85,1531,1727879,AVERAGE,,2026-09-22,quebec_scores.csv
centredentaireclaudiasirois.com,Canada,Quebec,filename,dental,WordPress,51,81,96,100,10425,0,421,3193,2448374,,,2026-09-22,quebec_scores.csv
centredentairedelajacquescartier.com,Canada,Quebec,filename,dental,unknown,59,57,69,91,11410,0,0,6723,1739252,,,2026-09-22,quebec_scores4.csv
centredentairelevislesrivieres.com,Canada,Quebec,filename,dental,WordPress,66,80,100,100,10822,0,236,1654,2154529,FAST,,2026-09-22,quebec_scores.csv
centredentairelimoilou.ca,Canada,Quebec,filename,dental,Wix,65,95,100,100,5902,0,101,3186,2359421,,,2026-09-22,quebec_scores.csv
centredentairepellanetlessard.com,Canada,Quebec,filename,dental,,43,97,96,100,6482,0,554,2791,2721469,,,2026-09-22,quebec_scores3.csv
centredentairepierrebertrand.com,Canada,Quebec,filename,dental,WordPress,64,88,100,100,7310,0,0,2856,1458215,,,2026-09-22,quebec_scores2.csv
centredentairesaintredempteur.com,Canada,Quebec,filename,dental,,,,,,,,,,,,failed after retries,2026-09-22,quebec_scores5.csv
centredentairesn.com,Canada,Quebec,filename,dental,,61,94,96,100,4649,0,507,2484,2890518,,,2026-09-22,quebec_scores.csv
centredentairestefoy.com,Canada,Quebec,filename,dental,WordPress,89,93,100,100,2826,0,217,1955,1013153,AVERAGE,,2026-09-22,quebec_scores.csv
centredentairevaillancourt.ca,Canada,Quebec,filename,dental,,58,91,100,92,16022,0,209,4167,4370673,,,2026-09-22,quebec_scores2.csv
centredentairevilledequebec.ca,Canada,Quebec,filename,dental,WordPress,50,63,96,85,16127,0,340,3932,3939654,,,2026-09-22,quebec_scores.csv
centredentairevl.ca,Canada,Quebec,filename,dental,,57,100,100,100,8365,0,159,3249,1387734,FAST,,2026-09-22,quebec_scores2.csv
centredesanteneuville.com,Canada,Quebec,filename,dental,unknown,72,67,100,92,6798,0,37,2578,1826807,,,2026-09-22,quebec_scores5.csv
charlesbourgdentiste.com,Canada,Quebec,filename,dental,WordPress,65,91,92,92,9175,0,12,2703,2410130,,,2026-09-22,quebec_scores3.csv
chezmondentiste.ca,Canada,Quebec,filename,dental,WordPress,59,90,100,92,12187,0,75,4552,2670986,,,2026-09-22,quebec_scores3.csv
citedentairestaugustin.com,Canada,Quebec,filename,dental,unknown,70,91,100,92,5659,0,12,3633,4418668,,,2026-09-22,quebec_scores4.csv
cliniquebergeron.com,Canada,Quebec,filename,dental,WordPress,55,91,96,92,9700,0,0,7388,4602526,,,2026-09-22,quebec_scores.csv
cliniquedentaireboischatel.com,Canada,Quebec,filename,dental,Wix,70,84,100,100,6480,0,135,3160,2706851,,,2026-09-22,quebec_scores5.csv
cliniquedentairedeleglise.com,Canada,Quebec,filename,dental,unknown,75,59,77,91,5065,0,0,2963,706078,,,2026-09-22,quebec_scores.csv
cliniquedentairedgt.ca,Canada,Quebec,filename,dental,WordPress,64,88,73,100,35481,0,0,2274,7803177,,,2026-09-22,quebec_scores.csv
cliniquedentairedubergerlessaules.ca,Canada,Quebec,filename,dental,unknown,79,75,92,83,5574,0,0,1531,1620741,,,2026-09-22,quebec_scores2.csv
cliniquedentairegaudreaultmarquis.com,Canada,Quebec,filename,dental,,29,88,96,100,6338,0,830,2652,2854193,,,2026-09-22,quebec_scores2.csv
cliniquedentairejulietremblay.com,Canada,Quebec,filename,dental,WordPress,69,86,92,92,5013,0,16,2218,1763570,,,2026-09-22,quebec_scores.csv
cliniquedentairemyrand.com,Canada,Quebec,filename,dental,,40,94,96,100,12524,0,618,9786,2749941,FAST,,2026-09-22,quebec_scores2.csv
cliniquedentairest-augustin.com,Canada,Quebec,filename,dental,WordPress,36,87,100,92,8633,1,0,4276,1431147,,,2026-09-22,quebec_scores4.csv
cliniquedeschutes.com,Canada,Quebec,filename,dental,WordPress,63,73,96,92,6001,0,189,3775,3320269,AVERAGE,,2026-09-22,quebec_scores.csv
cliniquegaumond.com,Canada,Quebec,filename,dental,,,,,,,,,,,,failed after retries,2026-09-22,quebec_scores5.csv
cliniquestlouis.ca,Canada,Quebec,filename,dental,,71,94,96,100,3359,0,567,2481,2556038,,,2026-09-22,quebec_scores.csv
dentistecharny.com,Canada,Quebec,filename,dental,WordPress,54,95,92,100,4477,0,724,2632,3222578,,,2026-09-22,quebec_scores3.csv
dentistestecatherine.com,Canada,Quebec,filename,dental,WordPress,47,75,70,85,11354,0,221,2601,2366975,,,2026-09-22,quebec_scores4.csv
dentistesval-belair.com,Canada,Quebec,filename,dental,WordPress,57,88,77,85,35892,0,322,1658,8409330,,,2026-09-22,quebec_scores2.csv
drmasse.com,Canada,Quebec,filename,dental,,57,90,96,100,11994,0,470,2473,2698299,,,2026-09-22,quebec_scores.csv
endolevis.com,Canada,Quebec,filename,dental,WordPress,54,79,56,85,6603,0,130,2680,1675992,,,2026-09-22,quebec_scores.csv
jeanfrancoispaquin.com,Canada,Quebec,filename,dental,WordPress,78,88,77,100,3964,0,44,1392,1407772,,,2026-09-22,quebec_scores4.csv
ladentisterievalbelair.com,Canada,Quebec,filename,dental,WordPress,59,87,73,85,37053,0,102,3306,11084387,,,2026-09-22,quebec_scores2.csv
larodentaire.ca/laro-le-mesnil,Canada,Quebec,filename,dental,unknown,41,94,77,92,17091,0,636,9099,2655367,FAST,,2026-09-22,quebec_scores3.csv
larodentaire.ca/laro-lebourgneuf,Canada,Quebec,filename,dental,unknown,34,94,77,92,17474,0,1185,7746,2643864,FAST,,2026-09-22,quebec_scores3.csv
laserdentairegignac.com,Canada,Quebec,filename,dental,,51,100,96,100,4128,0,857,3319,2594988,,,2026-09-22,quebec_scores4.csv
maclinik.ca,Canada,Quebec,filename,dental,,,,,,,,,,,,failed after retries,2026-09-22,quebec_scores.csv
mesdents.net,Canada,Quebec,filename,dental,WordPress,72,83,81,77,3156,0,24,1655,413943,,,2026-09-22,quebec_scores.csv
eye-am.ca,Canada,Quebec,row,optometrist,WordPress,36,85,96,100,8447,0,1291,3151,6622231,AVERAGE,,2026-09-25,opt_data.csv
axophysio.com,Canada,Quebec,map,physio,WordPress,52,88,96,92,9179,0,435,3304,2097313,FAST,,2026-09-25,physio_scores2.csv
kinatex.com/cliniques/beauport,Canada,Quebec,map,physio,WordPress,42,69,88,92,9967,0,1182,1528,5270672,AVERAGE,,2026-09-25,physio_scores2.csv
kinatex.com/cliniques/les-meandres,Canada,Quebec,map,physio,WordPress,38,69,92,92,10164,0,2038,1539,5320881,AVERAGE,,2026-09-25,physio_scores2.csv
kinatex.com/cliniques/levis,Canada,Quebec,map,physio,WordPress,44,78,92,100,5776,0,1905,1548,3874716,AVERAGE,,2026-09-25,physio_scores2.csv
kinatex.com/cliniques/montcalm,Canada,Quebec,map,physio,WordPress,37,69,92,92,10086,0,2613,1555,5355852,AVERAGE,,2026-09-25,physio_scores2.csv
kinatex.com/cliniques/place-de-la-cite,Canada,Quebec,map,physio,WordPress,36,69,92,92,10897,0,3062,1556,5286637,AVERAGE,,2026-09-25,physio_scores2.csv
kinatex.com/cliniques/saint-roch,Canada,Quebec,map,physio,WordPress,38,69,92,92,10193,0,2066,1547,5341525,AVERAGE,,2026-09-25,physio_scores2.csv
kinatex.com/cliniques/val-belair,Canada,Quebec,map,physio,WordPress,45,69,88,92,10132,0,909,1529,5261318,AVERAGE,,2026-09-25,physio_scores2.csv
physio-osteoneufchatel.com,Canada,Quebec,map,physio,WordPress,65,96,100,85,8302,0,0,2264,3344825,,,2026-09-25,physio_scores2.csv
physiocpcc.ca,Canada,Quebec,map,physio,Wix,78,88,100,92,4547,0,1,2867,3570843,,,2026-09-25,physio_scores2.csv
centredentaireblanchette.ca,Canada,Québec,map,dental,WordPress,41,84,92,100,22184,0,656,4277,3667742,,,2026-09-22,quebec_scores.csv
centredentaireprive.com,Canada,Québec,map,dental,Squarespace,47,92,74,100,17305,0,413,7269,2581143,,,2026-09-22,quebec_scores.csv
cliniquedentairemaguire.com,Canada,Québec,map,dental,WordPress,39,89,96,100,7051,0,123,3012,1951188,,,2026-09-22,quebec_scores.csv
cliniquedentaireqg.com,Canada,Québec,map,dental,WordPress,26,89,100,100,10155,0,403,3344,2123618,,,2026-09-22,quebec_scores.csv
expressplumbingandheating.ca,Canada,Red Deer,approved,hvac,WordPress,57,90,96,100,11571,0,247,3456,2655272,,,2026-09-22,hvac_scores5b.csv
pipertheplumber.ca,Canada,Red Deer,map,hvac,,44,94,96,92,14965,0,673,2789,4200394,,,2026-09-22,hvac_scores5b.csv
platinumplumbing.ca,Canada,Red Deer,research,hvac,unknown,76,92,100,91,4148,0,0,4148,328420,,,2026-09-22,hvac_scores5b.csv
ableplg.com,Canada,Regina,map,hvac,WordPress,41,77,96,100,20104,0,519,19953,6199072,,,2026-09-22,hvac_scores4b.csv
edcoplumbing.ca,Canada,Regina,research,hvac,unknown,82,96,96,92,3624,0,3,3174,2115565,,,2026-09-22,hvac_scores4b.csv
familyplumbing.ca,Canada,Regina,research,hvac,WordPress,67,89,100,100,4554,0,0,3429,841451,,,2026-09-22,hvac_scores4b.csv
neighboursmechanical.com,Canada,Regina,map,hvac,WordPress,47,76,96,77,8130,0,0,2767,1549927,,,2026-09-22,hvac_scores4b.csv
trustedplumbingandheating.com,Canada,Regina,map,hvac,unknown,33,52,50,91,14100,0,610,3326,10039484,,,2026-09-22,hvac_scores4b.csv
advanceeyecarecenter.com,Canada,Regina,row,optometrist,WordPress,28,85,96,100,12902,0,498,3006,2246966,,,2026-09-25,opt_data.csv
jcastonguay.com,Canada,Rimouski,map,realtor,unknown,39,79,96,92,5262,1,5,4692,15527190,,,2026-09-23,realtor_scores.csv
oliviersoucyimmobilierrimouski.com,Canada,Rimouski,map,realtor,WordPress,32,82,96,85,10064,0,1174,6989,6001356,,,2026-09-23,realtor_scores.csv
viacapitalevendu.com/courtiers/david-boulianne-9150,Canada,Rimouski,map,realtor,,46,81,96,77,8306,0,632,3927,4925439,AVERAGE,,2026-09-23,realtor_scores.csv
centredentairerivesud.com,Canada,Rive-Sud,map,dental,WordPress,26,83,96,92,20104,0,4805,4736,3794033,,,2026-09-22,quebec_scores.csv
staceymrealty.ca,Canada,Rothesay,approved,realtor,unknown,63,71,100,77,10629,0,19,4469,3668984,,,2026-09-23,realtor_scores.csv
sarahbinab.com,Canada,Saanich,research,realtor,unknown,55,75,96,85,17535,0,351,3629,3829621,,,2026-09-23,realtor_scores.csv
search.stjohnshomes.ca,Canada,Saint John's,domain_token,realtor,unknown,58,74,96,77,10757,0,139,4430,1439438,,,2026-09-23,realtor_scores.csv
stjohnsproperties.ca,Canada,Saint John's,domain_token,realtor,unknown,78,93,100,92,2626,0,430,1182,2464674,,,2026-09-23,realtor_scores.csv
sarniaproperty.com,Canada,Sarnia,domain_token,realtor,unknown,40,84,77,85,11414,0,678,5313,15303469,,,2026-09-23,realtor_scores.csv
beierleplumbing.com,Canada,Saskatoon,map,hvac,WordPress,41,86,100,92,25068,0,766,3378,6130522,,,2026-09-22,hvac_scores3.csv
leahtheplumber.com,Canada,Saskatoon,map,hvac,,33,86,96,92,18680,0,1202,8188,7749398,,,2026-09-22,hvac_scores3.csv
nickelplumbing.com,Canada,Saskatoon,map,hvac,WordPress,47,56,92,92,14817,0,280,3928,3040422,,,2026-09-22,hvac_scores3.csv
perfectionplumbing.ca,Canada,Saskatoon,map,hvac,WordPress,28,78,92,100,28212,0,820,8708,6900830,,,2026-09-22,hvac_scores3.csv
kennedyeyeclinic.com,Canada,Saskatoon,row,optometrist,WordPress,51,89,96,100,3916,0,305,2734,2352942,,,2026-09-25,opt_data.csv
mmoptometry.com,Canada,Saskatoon,row,optometrist,WordPress,67,86,96,100,5179,0,135,3186,2171294,,,2026-09-25,opt_data.csv
prairieoptometry.com,Canada,Saskatoon,row,optometrist,WordPress,67,77,96,85,5703,0,150,2735,714070,,,2026-09-25,opt_data.csv
vistaeyecare.ca,Canada,Saskatoon,row,optometrist,unknown,35,95,100,92,12072,0,301,3934,2111751,,,2026-09-25,opt_data.csv
holisticphysiowellness.ca,Canada,Saskatoon,map,physio,Squarespace,10,95,100,92,21677,1,945,4952,4920544,,,2026-09-25,physio_scores4.csv
longevitysaskatoon.com,Canada,Saskatoon,map,physio,Squarespace,34,95,96,92,26357,0,969,8118,5075227,,,2026-09-25,physio_scores4.csv
mcinnesphysio.ca,Canada,Saskatoon,map,physio,unknown,98,92,96,92,1976,0,82,955,508029,,,2026-09-24,physio_scores1.csv
revitalizephysio.ca,Canada,Saskatoon,map,physio,,,,,,,,,,,,failed after retries,2026-09-25,physio_scores4.csv
saskatoonphysiotherapy.com,Canada,Saskatoon,map,physio,WordPress,92,96,77,92,2428,0,0,2428,256745,,,2026-09-24,physio_scores1.csv
blairvmiller.com,Canada,Saskatoon,approved,realtor,unknown,76,71,81,85,5568,0,0,2605,973000,,,2026-09-23,realtor_scores.csv
christinelelond.com,Canada,Saskatoon,approved,realtor,unknown,75,75,100,92,5478,0,88,2590,2596733,,,2026-09-23,realtor_scores.csv
cindysavino.com,Canada,Saskatoon,approved,realtor,unknown,64,80,100,100,8031,0,104,3495,13114740,,,2026-09-23,realtor_scores.csv
joanna.agent.cbignite.ca,Canada,Saskatoon,map,realtor,WordPress,26,77,77,85,17224,0,1763,4923,4323751,,,2026-09-23,realtor_scores.csv
kellimeckelborgrealty.com,Canada,Saskatoon,approved,realtor,unknown,70,90,100,92,9458,0,8,2856,6921260,,,2026-09-23,realtor_scores.csv
saskrealty.ca,Canada,Saskatoon,research,realtor,unknown,73,78,100,85,6303,0,0,2735,3792403,,,2026-09-23,realtor_scores.csv
centredentairevieuxsherbrooke.com,Canada,Sherbrooke,filename,dental,WordPress,54,92,92,100,8002,0,200,6516,3315499,,,2026-09-22,sherbrooke_scores.csv
cliniquedentaireducomplexe.ca,Canada,Sherbrooke,filename,dental,Wix,37,86,96,100,19957,0,1124,3593,2766571,FAST,,2026-09-22,sherbrooke_scores.csv
cliniquedentairesimonroy.com,Canada,Sherbrooke,map,dental,WordPress,32,92,92,100,10651,0,1304,5854,4228943,,,2026-09-22,sherbrooke_scores.csv
dentistesadc.com,Canada,Sherbrooke,filename,dental,WordPress,56,80,96,100,11651,0,57,9222,9293683,,,2026-09-22,sherbrooke_scores.csv
dentistesherbrooke.ca,Canada,Sherbrooke,filename,dental,WordPress,47,93,100,100,14854,0,361,6346,6972826,,,2026-09-22,sherbrooke_scores.csv
actionsportphysio.com/en/physiotherapy-clinic-sherbrooke,Canada,Sherbrooke,map,physio,unknown,49,79,96,92,18575,0,684,2051,4712594,AVERAGE,,2026-09-24,physio_scores1.csv
cliniquephysiosante.com,Canada,Sherbrooke,map,physio,WordPress,65,81,96,100,5218,0,71,3868,3153569,,,2026-09-24,physio_scores1.csv
kinatex.com/cliniques/rock-forest,Canada,Sherbrooke,map,physio,WordPress,42,90,92,100,7351,0,2272,1543,4087598,AVERAGE,,2026-09-25,physio_scores2.csv
physioextra.ca/en/clinic/physioextra-sherbrooke-cite-du-parc,Canada,Sherbrooke,map,physio,WordPress,84,91,100,100,3301,0,32,2294,1903371,FAST,,2026-09-24,physio_scores1.csv
physiotherapiedesherbrooke.com,Canada,Sherbrooke,map,physio,WordPress,55,84,77,92,3696,0,856,2946,2785840,,,2026-09-24,physio_scores1.csv
pivot-physio.com,Canada,Sherbrooke,map,physio,unknown,96,95,100,100,2403,0,0,1802,257502,,,2026-09-25,physio_scores5.csv
bradcolbert.com,Canada,St. John's,map,realtor,,32,80,92,92,29854,0,1230,4801,7150717,,,2026-09-23,realtor_scores.csv
michellemitchumrealtor.com,Canada,St. John's,map,realtor,Drupal,18,80,77,85,8388,0,1326,4323,3248195,,,2026-09-23,realtor_scores.csv
669-heat.com,Canada,Sudbury,map,hvac,,40,74,77,92,7426,0,1191,3062,6582923,,,2026-09-22,hvac_scores5a.csv
absoluteplumbingsudbury.com,Canada,Sudbury,domain_token,hvac,Wix,72,88,100,100,5809,0,0,3168,1811357,,,2026-09-22,hvac_scores5a.csv
climatecontrolsudbury.ca,Canada,Sudbury,domain_token,hvac,,56,89,96,85,6751,0,491,2855,3020543,,,2026-09-22,hvac_scores5a.csv
greatersudburyplumbing.com,Canada,Sudbury,domain_token,hvac,unknown,53,55,100,92,6884,0,97,3576,1352721,,,2026-09-22,hvac_scores5a.csv
korehvac.ca,Canada,Sudbury,map,hvac,Wix,47,95,73,100,10633,0,671,2858,2643154,,,2026-09-22,hvac_scores5a.csv
mrpipes.ca,Canada,Sudbury,approved,hvac,WordPress,53,89,92,100,7651,0,101,2421,3353170,,,2026-09-22,hvac_scores5a.csv
northernclimatesudbury.com,Canada,Sudbury,domain_token,hvac,unknown,62,89,96,100,6382,0,0,4694,1562417,,,2026-09-22,hvac_scores5a.csv
witherellplumbing.com,Canada,Sudbury,research,hvac,WordPress,61,92,100,100,5458,0,20,2857,494439,,,2026-09-22,hvac_scores5a.csv
suttonsudbury.com,Canada,Sudbury,domain_token,realtor,unknown,62,79,100,77,7320,0,44,3156,4787643,,,2026-09-23,realtor_scores.csv
allprophysio.ca,Canada,Surrey,map,physio,unknown,66,95,92,100,5574,0,0,3924,1032160,,,2026-09-25,physio_scores4.csv
arkaphysiotherapy.ca,Canada,Surrey,map,physio,,76,100,100,100,3902,0,196,3302,1898422,,,2026-09-25,physio_scores4.csv
kinggeorgephysio.com,Canada,Surrey,map,physio,WordPress,40,83,73,92,6994,0,814,4252,4284970,,,2026-09-25,physio_scores4.csv
legendphysiosurrey.com,Canada,Surrey,map,physio,unknown,69,88,77,100,5730,0,18,2722,1742142,,,2026-09-25,physio_scores4.csv
regenesisphysiotherapy.ca,Canada,Surrey,map,physio,unknown,67,81,100,100,6248,0,135,2979,1010781,,,2026-09-25,physio_scores4.csv
revitalizephysioclinic.ca,Canada,Surrey,map,physio,WordPress,47,74,73,92,4740,0,817,3194,11234238,,,2026-09-25,physio_scores4.csv
scottsdalephysiotherapy.ca,Canada,Surrey,map,physio,WordPress,74,92,100,100,1654,0,0,1152,635129,,,2026-09-25,physio_scores4.csv
bruinsplumbing.com,Canada,Sylvan Lake,research,hvac,WordPress,57,95,96,92,6573,0,635,2251,2247454,,,2026-09-22,hvac_scores5b.csv
123-dental.com,Canada,Toronto,filename,dental,Wix,39,87,100,85,8403,0,1170,3453,4929054,AVERAGE,,2026-09-21,toronto_scores.csv
4thfloordental.com,Canada,Toronto,filename,dental,WordPress,58,80,92,85,4430,0,895,2558,3925500,,,2026-09-21,toronto_scores.csv
accoladedental.com,Canada,Toronto,filename,dental,,41,90,96,85,5836,0,1201,3363,3973075,,,2026-09-21,toronto_scores.csv
aloradental.ca,Canada,Toronto,filename,dental,unknown,54,91,77,92,9462,0,430,3339,8296058,,,2026-09-21,toronto_scores.csv
archdental.ca,Canada,Toronto,filename,dental,WordPress,63,85,96,100,8246,0,105,3005,1431657,,,2026-09-21,toronto_scores.csv
archerdental.ca,Canada,Toronto,filename,dental,WordPress,8,76,96,85,13898,0,4055,4415,1330453,FAST,,2026-09-21,toronto_scores.csv
artindental.com,Canada,Toronto,filename,dental,unknown,61,91,92,92,2593,0,1602,2199,3995755,,,2026-09-22,toronto_new_scores.csv
atlasdental.ca,Canada,Toronto,map,dental,WordPress,46,96,96,100,14681,0,573,3301,6348509,AVERAGE,,2026-09-21,toronto_scores_extended.csv
bathurstcollegedentistry.ca,Canada,Toronto,filename,dental,,,,,,,,,,,,failed after retries,2026-09-21,toronto_scores_extended.csv
baystreetdentalassociates.com,Canada,Toronto,filename,dental,,40,95,92,100,4684,0,827,2317,3731967,,,2026-09-22,toronto_batch2_scores.csv
bitedental.ca,Canada,Toronto,map,dental,WordPress,42,74,73,85,27376,0,713,3601,14842574,,,2026-09-21,toronto_scores.csv
brightedgedentistry.com,Canada,Toronto,filename,dental,WordPress,99,89,100,100,1667,0,0,1208,402011,,,2026-09-22,toronto_new_scores.csv
brushdentists.com,Canada,Toronto,map,dental,,24,84,92,92,9370,0,2412,3309,5177049,,,2026-09-21,toronto_scores.csv
brushflossandsmile.com,Canada,Toronto,filename,dental,WordPress,72,87,96,92,1275,0,1104,1230,7567012,,,2026-09-22,toronto_new_scores.csv
carltondentistrygroup.ca,Canada,Toronto,filename,dental,,,,,,,,,,,,failed after retries,2026-09-21,toronto_scores_extended.csv
cedarbrae.dental,Canada,Toronto,filename,dental,unknown,95,100,100,100,2551,0,91,976,831299,,,2026-09-21,toronto_scores.csv
centreforaestheticdentistry.ca,Canada,Toronto,filename,dental,,,,,,,,,,,,failed after retries,2026-09-21,toronto_scores_extended.csv
citydentaltoronto.com,Canada,Toronto,filename,dental,WordPress,51,89,77,100,8560,0,489,2717,6180027,,,2026-09-21,toronto_scores.csv
cityviewdentaltoronto.com,Canada,Toronto,filename,dental,Squarespace,42,98,100,100,14462,0,739,3903,5526221,,,2026-09-21,toronto_scores_extended.csv
cloverdaledentalgroup.com,Canada,Toronto,filename,dental,,17,100,96,92,21868,0,1152,3368,3986445,,,2026-09-21,toronto_scores.csv
collegestreetdental.ca,Canada,Toronto,filename,dental,Wix,61,94,100,92,8256,0,243,3940,2527805,FAST,,2026-09-21,toronto_scores_extended.csv
dakotadental.ca,Canada,Toronto,filename,dental,,,,,,,,,,,,failed after retries,2026-09-21,toronto_scores_extended.csv
dawsondental.ca,Canada,Toronto,filename,dental,,24,95,92,92,7631,0,2563,3066,11274680,FAST,,2026-09-21,toronto_scores.csv
dentalcentres.com,Canada,Toronto,filename,dental,WordPress,55,82,100,92,19651,0,0,8852,3983653,,,2026-09-21,toronto_scores.csv
dentalimplantsclinic.ca,Canada,Toronto,filename,dental,WordPress,85,91,100,92,2701,0,0,1951,271658,,,2026-09-22,toronto_batch2_scores.csv
dentistoneglinton.com,Canada,Toronto,filename,dental,,94,95,96,36,788,0,0,788,2389,,,2026-09-21,toronto_scores.csv
dentistryatstgeorge.ca,Canada,Toronto,filename,dental,Wix,71,92,100,92,5827,0,213,2566,2908050,FAST,,2026-09-22,toronto_stg_scores.csv
dentistryatthemodern.ca,Canada,Toronto,filename,dental,WordPress,27,89,96,92,13596,0,824,3782,2347912,,,2026-09-21,toronto_scores_extended.csv
dentistryonbay.ca,Canada,Toronto,filename,dental,,,,,,,,,,,,failed after retries,2026-09-21,toronto_scores_extended.csv
dentistryonqueeneast.ca,Canada,Toronto,filename,dental,WordPress,46,89,96,92,9863,0,197,4981,2315006,,,2026-09-21,toronto_scores_extended.csv
dentistryontheq.ca,Canada,Toronto,filename,dental,WordPress,71,92,96,92,8448,0,62,1691,1695450,,,2026-09-21,toronto_scores.csv
dentistryonuniversity.ca,Canada,Toronto,filename,dental,,56,80,69,92,12203,0,94,4906,3012944,,,2026-09-21,toronto_scores_extended.csv
downtowndental.ca,Canada,Toronto,filename,dental,WordPress,44,81,92,100,12299,0,815,2251,3737643,,,2026-09-21,toronto_scores.csv
downtowndentistry.com,Canada,Toronto,map,dental,WordPress,48,78,88,92,4652,0,568,3002,2372948,SLOW,,2026-09-21,toronto_scores.csv
downtowndentistrydryu.ca,Canada,Toronto,filename,dental,,,,,,,,,,,,failed after retries,2026-09-21,toronto_scores_extended.csv
downtowntorontodental.ca,Canada,Toronto,filename,dental,WordPress,51,85,92,85,19929,0,107,14605,4420269,,,2026-09-21,toronto_scores.csv
downtowntorontodentistry.ca,Canada,Toronto,filename,dental,WordPress,60,86,96,92,9495,0,214,3026,6158699,,,2026-09-21,toronto_scores.csv
drdentalclinics.ca,Canada,Toronto,filename,dental,,100,95,96,36,789,0,0,789,3457,,,2026-09-21,toronto_scores.csv
edwardstreetdental.ca,Canada,Toronto,filename,dental,WordPress,54,90,96,92,32244,0,0,13653,22855191,,,2026-09-21,toronto_scores_extended.csv
elmwoodparkdental.ca,Canada,Toronto,filename,dental,,,,,,,,,,,,failed after retries,2026-09-22,toronto_new_scores.csv
gardnerdentalcentre.com,Canada,Toronto,filename,dental,WordPress,36,88,96,85,7276,0,1793,2852,2962174,,,2026-09-21,toronto_scores.csv
kempborovacdentistry.ca,Canada,Toronto,filename,dental,,,,,,,,,,,,failed after retries,2026-09-21,toronto_scores_extended.csv
kingsviewdental.ca,Canada,Toronto,filename,dental,WordPress,89,84,100,100,3465,0,53,1680,460809,,,2026-09-21,toronto_scores_extended.csv
kingwestdental.ca,Canada,Toronto,filename,dental,,63,85,96,92,8068,0,38,3346,786817,,,2026-09-21,toronto_scores.csv
kingwestdentalstudio.ca,Canada,Toronto,filename,dental,WordPress,51,86,96,85,19562,0,262,5503,6898173,,,2026-09-21,toronto_scores_extended.csv
librarydistrictdental.ca,Canada,Toronto,filename,dental,,,,,,,,,,,,failed after retries,2026-09-21,toronto_scores_extended.csv
mercerstreetdentistry.ca,Canada,Toronto,filename,dental,,,,,,,,,,,,failed after retries,2026-09-21,toronto_scores_extended.csv
metropolitan-dental.ca,Canada,Toronto,filename,dental,WordPress,65,70,100,85,9977,0,127,2706,1570420,,,2026-09-21,toronto_scores.csv
midtowndental.ca,Canada,Toronto,map,dental,WordPress,39,70,96,85,36332,0,636,7553,10702305,,,2026-09-22,toronto_batch2_scores.csv
mimicocreekdental.com,Canada,Toronto,filename,dental,NexHealth,54,94,96,100,14257,0,272,3187,2630624,,,2026-09-21,toronto_scores.csv
museumdental.ca,Canada,Toronto,filename,dental,unknown,58,67,96,83,12927,0,90,2386,3821902,,,2026-09-21,toronto_scores.csv
parkdentalcentres.com,Canada,Toronto,filename,dental,WordPress,67,86,100,92,3905,0,391,3005,3364841,,,2026-09-22,toronto_new_scores.csv
parklanedentalcare.ca,Canada,Toronto,filename,dental,WordPress,71,93,96,92,6301,0,244,1841,2586615,,,2026-09-21,toronto_scores.csv
parklawnsmiles.ca,Canada,Toronto,filename,dental,WordPress,78,81,100,100,3184,0,0,2941,548884,,,2026-09-21,toronto_scores.csv
paste.dental,Canada,Toronto,filename,dental,,,,,,,,,,,,failed after retries,2026-09-21,toronto_scores.csv
pearldentalgroup.ca,Canada,Toronto,filename,dental,,67,86,100,100,5027,0,0,2851,15777114,,,2026-09-21,toronto_scores.csv
quaddental.ca,Canada,Toronto,map,dental,WordPress,45,85,96,92,4550,0,914,3640,5682210,,,2026-09-21,toronto_scores.csv
queensparkdental.ca,Canada,Toronto,filename,dental,WordPress,9,79,54,85,14349,0,2066,2883,21141091,SLOW,,2026-09-22,toronto_new_scores.csv
queenstreetdentalcentre.ca,Canada,Toronto,filename,dental,unknown,85,91,100,82,3338,0,19,3338,231779,FAST,,2026-09-21,toronto_scores_extended.csv
royalcentredentalgroup.ca,Canada,Toronto,map,dental,WordPress,47,68,73,92,13938,0,465,5437,2190795,,,2026-09-21,vancouver_scores.csv
rusholmefamilydentistry.ca,Canada,Toronto,filename,dental,WordPress,41,79,96,92,7187,0,756,3801,5061338,,,2026-09-21,toronto_scores.csv
smiledentalcentre.ca,Canada,Toronto,filename,dental,unknown,50,81,96,73,4547,0,428,2436,349370,,,2026-09-21,toronto_scores_extended.csv
smiledesign.ca,Canada,Toronto,filename,dental,WordPress,72,95,96,100,6011,0,258,1675,1549095,,,2026-09-22,toronto_batch2_scores.csv
smileforever.ca,Canada,Toronto,map,dental,WordPress,29,75,96,92,14401,1,330,2702,2492085,,,2026-09-21,toronto_scores_extended.csv
smilesdentistry.ca,Canada,Toronto,map,dental,unknown,25,93,77,85,4832,0,1276,3334,2115685,SLOW,,2026-09-21,toronto_scores.csv
sohodental.ca,Canada,Toronto,map,dental,WordPress,40,74,54,77,18709,0,731,3965,4319617,,,2026-09-22,toronto_new_scores.csv
stgeorgedental.ca,Canada,Toronto,map,dental,Wix,36,97,69,92,10747,0,1273,3655,6994123,,,2026-09-21,toronto_scores_extended.csv
studiodentalcentres.com,Canada,Toronto,map,dental,WordPress,40,92,96,85,4532,0,1784,3834,4471655,AVERAGE,,2026-09-21,toronto_scores.csv
sunrisekidsdental.com,Canada,Toronto,map,dental,Squarespace,26,95,96,100,30544,0,2510,9539,6291405,,,2026-09-21,toronto_scores.csv
swanseadentistry.com,Canada,Toronto,map,dental,WordPress,46,75,81,77,11647,0,402,5417,6206395,,,2026-09-21,toronto_scores.csv
tdotdental.ca,Canada,Toronto,filename,dental,WordPress,99,94,100,100,1359,0,0,1359,9916542,,,2026-09-21,toronto_scores.csv
todentists.ca,Canada,Toronto,filename,dental,,57,79,92,85,3059,0,982,2859,2161098,,,2026-09-21,toronto_scores.csv
toothfairydentaleglinton.com,Canada,Toronto,filename,dental,unknown,55,88,92,100,5675,0,563,3642,1330182,,,2026-09-21,toronto_scores.csv
toothworks.com,Canada,Toronto,filename,dental,,20,87,96,85,5873,0,3719,2796,5434808,FAST,,2026-09-21,toronto_scores.csv
torontobeachdental.com,Canada,Toronto,map,dental,,27,80,96,100,14004,0,2081,5702,9186925,SLOW,,2026-09-22,toronto_batch2_scores.csv
torontodental.com,Canada,Toronto,filename,dental,unknown,51,99,100,100,8204,0,380,4583,1628682,,,2026-09-21,toronto_scores.csv
torontodentaloffice.ca,Canada,Toronto,filename,dental,unknown,97,96,100,100,1982,0,41,1830,744458,AVERAGE,,2026-09-21,toronto_scores.csv
torontodentistdowntown.ca,Canada,Toronto,map,dental,WordPress,45,94,100,92,8552,0,574,4081,1860145,,,2026-09-21,toronto_scores.csv
torontoendodontics.com,Canada,Toronto,filename,dental,,,,,,,,,,,,failed after retries,2026-09-21,toronto_scores.csv
torontofamilydental.ca,Canada,Toronto,filename,dental,WordPress,71,95,73,92,4958,0,0,3005,1109669,,,2026-09-22,toronto_new_scores.csv
uptownedental.com,Canada,Toronto,filename,dental,,19,97,96,92,6936,0,2189,3098,3524297,,,2026-09-21,toronto_scores.csv
waterviewdental.ca,Canada,Toronto,filename,dental,,,,,,,,,,,,failed after retries,2026-09-21,toronto_scores_extended.csv
westvillagedental.ca,Canada,Toronto,filename,dental,WordPress,39,86,69,92,11703,0,848,2706,12841796,,,2026-09-21,toronto_scores.csv
wexdental.ca,Canada,Toronto,map,dental,unknown,30,88,65,92,6034,0,9868,4122,6645098,,,2026-09-21,toronto_scores.csv
woodbinefamilydental.com,Canada,Toronto,filename,dental,WordPress,96,85,100,85,1452,0,0,1403,8913861,,,2026-09-21,toronto_scores.csv
yongeeglintondental.com,Canada,Toronto,map,dental,,41,94,100,92,9944,0,1279,2882,1974726,AVERAGE,,2026-09-21,toronto_scores.csv
yorkstreetdental.com,Canada,Toronto,filename,dental,WordPress,69,83,92,92,4202,0,213,3006,6064429,,,2026-09-22,toronto_batch2_scores.csv
yorkviewdentaltoronto.com,Canada,Toronto,map,dental,Squarespace,45,95,96,100,29957,0,393,22315,6221227,,,2026-09-22,toronto_new_scores.csv
dowtowntorontoplumbing.com,Canada,Toronto,map,hvac,unknown,79,97,100,100,3237,0,0,3162,1044815,,,2026-09-22,hvac_scores1.csv
firstaidplumbingcorp.com,Canada,Toronto,approved,hvac,unknown,42,91,92,92,7690,0,1210,3906,11118454,,,2026-09-22,hvac_scores3.csv
ontarioplumbingservices.ca,Canada,Toronto,map,hvac,unknown,44,89,100,100,43917,0,521,7853,8953056,,,2026-09-22,hvac_scores3.csv
plumbersdirect.ca,Canada,Toronto,approved,hvac,WordPress,50,86,77,92,12901,0,581,1513,3146537,,,2026-09-22,hvac_scores3.csv
plumbertoronto.pro,Canada,Toronto,map,hvac,WordPress,66,81,73,85,35858,0,103,3005,11556061,,,2026-09-22,hvac_scores1.csv
plumbingtoronto.ca,Canada,Toronto,map,hvac,Wix,74,100,77,92,5927,0,123,2457,2083050,,,2026-09-22,hvac_scores1.csv
thetorontoplumber.ca,Canada,Toronto,map,hvac,unknown,49,75,88,92,6556,0,701,1683,2518026,,,2026-09-22,hvac_scores1.csv
torontodrainplumbing.com,Canada,Toronto,map,hvac,unknown,93,88,52,91,2215,0,0,2036,678090,,,2026-09-22,hvac_scores1b.csv
torontoplumber.com,Canada,Toronto,map,hvac,WordPress,64,98,100,85,8551,0,108,3315,1574467,,,2026-09-22,hvac_scores1.csv
360eyecare.ca,Canada,Toronto,row,optometrist,unknown,75,96,100,100,4351,0,223,1679,1149787,FAST,,2026-09-25,opt_data.csv
baycollege.ca,Canada,Toronto,row,optometrist,WordPress,45,100,100,100,13176,0,659,1375,1817688,,,2026-09-25,opt_data.csv
cleareyedoctors.com,Canada,Toronto,row,optometrist,,72,80,85,85,6376,0,87,1671,1539336,,,2026-09-25,opt_data.csv
stlawrenceeyecare.com,Canada,Toronto,row,optometrist,WordPress,57,68,100,92,16172,0,171,3391,3503137,,,2026-09-25,opt_data.csv
toniceyecare.com,Canada,Toronto,row,optometrist,WordPress,57,90,100,100,12544,0,250,2891,2427522,AVERAGE,,2026-09-25,opt_data.csv
torontoeyeclinic.com,Canada,Toronto,row,optometrist,WordPress,33,80,92,100,5894,0,733,3202,1664595,FAST,,2026-09-25,opt_data.csv
yongeandstclaireyecentre.com,Canada,Toronto,row,optometrist,unknown,68,81,96,92,7320,0,7,1848,1096011,,,2026-09-25,opt_data.csv
yongecollegeoptometry.com,Canada,Toronto,row,optometrist,WordPress,62,85,96,92,8512,0,126,3042,1368759,AVERAGE,,2026-09-25,opt_data.csv
kinatex.com/cliniques/markham,Canada,Toronto,map,physio,WordPress,40,83,92,100,6226,0,2685,2251,3897584,AVERAGE,,2026-09-25,physio_scores2.csv
kinatex.com/cliniques/richmond-hill,Canada,Toronto,map,physio,WordPress,41,83,92,100,6376,0,2538,1558,3894608,AVERAGE,,2026-09-25,physio_scores2.csv
chantalelaurendeauoptometriste.com,Canada,Trois-Rivieres,row,optometrist,WordPress,63,92,100,100,7067,0,95,2918,982526,,,2026-09-25,opt_data.csv
doyle.ca/fr/boutiques/trois-rivieres,Canada,Trois-Rivieres,row,optometrist,unknown,33,82,92,100,16391,0,3798,2104,7239672,FAST,,2026-09-25,opt_data.csv
visionera.ca,Canada,Trois-Rivieres,row,optometrist,Wix,40,92,100,100,7685,0,1133,3007,4173772,FAST,,2026-09-25,opt_data.csv
abccliniquesante.com,Canada,Trois-Rivieres,map,physio,WordPress,48,86,96,100,8069,0,766,2157,1902319,AVERAGE,,2026-09-25,physio_scores2.csv
cliniquereps.ca,Canada,Trois-Rivieres,map,physio,,,,,,,,,,,,failed after retries,2026-09-25,physio_scores2.csv
kinatex.com/cliniques/trois-rivieres,Canada,Trois-Rivieres,map,physio,WordPress,37,69,92,92,8445,0,3294,1558,4987242,AVERAGE,,2026-09-25,physio_scores2.csv
myophysio.com,Canada,Trois-Rivieres,map,physio,WordPress,57,87,77,92,18752,0,141,3517,6080698,,,2026-09-25,physio_scores2.csv
physio3r.com,Canada,Trois-Rivieres,map,physio,Wix,80,88,100,100,3386,0,276,2707,3182655,,,2026-09-25,physio_scores5.csv
physioactionplus.com,Canada,Trois-Rivieres,map,physio,WordPress,54,85,92,92,14553,0,196,4568,2879414,,,2026-09-25,physio_scores5.csv
physiostmaurice.ca,Canada,Trois-Rivieres,map,physio,,69,92,100,100,6451,0,0,3347,1243911,,,2026-09-25,physio_scores2.csv
kathyharpellgroup.ca,Canada,Truro,approved,realtor,unknown,65,77,100,100,24602,0,154,3155,6109467,,,2026-09-23,realtor_scores.csv
trurohomes.ca,Canada,Truro,map,realtor,unknown,38,83,77,67,9648,0,248,6622,2319114,,,2026-09-23,realtor_scores.csv
coastalcitydental.com,Canada,Vancouver,filename,dental,Squarespace,50,94,100,92,36734,0,317,7968,6935079,,,2026-09-21,vancouver_scores.csv
dentistvancouver.com,Canada,Vancouver,filename,dental,WordPress,37,76,92,92,16500,0,994,2449,3726467,,,2026-09-21,vancouver_scores.csv
keydentalwestend.ca,Canada,Vancouver,filename,dental,WordPress,70,83,96,85,7822,0,84,2602,1687442,,,2026-09-21,vancouver_scores.csv
mydentistvancouver.ca,Canada,Vancouver,filename,dental,,85,94,65,92,3826,0,22,1881,3370206,,,2026-09-21,vancouver_scores.csv
o2dental.ca,Canada,Vancouver,filename,dental,WordPress,71,83,100,92,5251,0,18,2142,1330987,,,2026-09-21,vancouver_scores.csv
smileonthedrive.com/general-dentistry,Canada,Vancouver,filename,dental,WordPress,28,89,96,92,13065,0,1687,4362,4920895,,,2026-09-21,vancouver_scores.csv
theartofsmile.ca,Canada,Vancouver,filename,dental,,66,92,92,92,5031,0,0,3260,1131561,,,2026-09-21,vancouver_scores.csv
vancouverdental.com,Canada,Vancouver,filename,dental,WordPress,28,79,96,92,21846,0,5299,3691,12816135,,,2026-09-21,vancouver_scores.csv
vancouverdentalclinic.com,Canada,Vancouver,map,dental,WordPress,35,76,96,92,5552,0,2499,3002,4151578,,,2026-09-21,vancouver_scores.csv
vancouverdentalspa.com,Canada,Vancouver,filename,dental,WordPress,72,92,96,100,3755,0,354,2001,22771491,,,2026-09-21,vancouver_scores.csv
vancouverdentist.ca,Canada,Vancouver,map,dental,WordPress,38,73,88,77,28508,0,715,8855,9837628,AVERAGE,,2026-09-21,vancouver_scores.csv
vancouverdentist.com,Canada,Vancouver,map,dental,WordPress,29,82,96,92,7051,0,2317,4202,5851228,,,2026-09-23,card_scores.csv
vancouverharbourdental.com,Canada,Vancouver,map,dental,WordPress,29,79,96,85,29518,0,1254,6941,7114105,,,2026-09-21,vancouver_scores.csv
wallcentre-dental.com,Canada,Vancouver,map,dental,WordPress,49,84,73,92,4903,0,656,3967,1653748,,,2026-09-21,vancouver_scores.csv
metrovancouverplumbing.ca,Canada,Vancouver,domain_token,hvac,WordPress,74,82,100,100,4406,0,10,3331,510325,,,2026-09-22,hvac_scores2.csv
plumbhartt.com,Canada,Vancouver,approved,hvac,WordPress,58,95,100,92,12302,0,39,7174,1806248,,,2026-09-22,hvac_scores2.csv
plumbingvancouver.ca,Canada,Vancouver,domain_token,hvac,unknown,71,87,96,100,4430,0,58,2428,662677,,,2026-09-22,hvac_scores2.csv
pwplumbers.ca,Canada,Vancouver,approved,hvac,unknown,65,84,100,100,13027,0,0,3616,2240294,,,2026-09-22,hvac_scores2.csv
drdellaoptometry.com,Canada,Vancouver,row,optometrist,WordPress,82,91,100,85,4208,0,0,2408,704385,,,2026-09-25,opt_data.csv
eyecontacts.ca,Canada,Vancouver,row,optometrist,,62,95,100,85,7232,0,464,2036,1124470,,,2026-09-25,opt_data.csv
lucenteyecare.com,Canada,Vancouver,row,optometrist,WordPress,44,89,73,92,14832,0,279,1838,5192756,,,2026-09-25,opt_data.csv
perspectiveoptometry.ca,Canada,Vancouver,row,optometrist,Shopify,68,84,73,77,8776,0,17,2462,1924528,,,2026-09-25,opt_data.csv
shaughnessyoptometry.com,Canada,Vancouver,row,optometrist,WordPress,62,96,100,100,3155,0,818,3155,4521225,,,2026-09-25,opt_data.csv
southvanoptometry.com,Canada,Vancouver,row,optometrist,unknown,35,50,100,100,8646,0,72,3850,2733796,,,2026-09-25,opt_data.csv
vaneye.ca,Canada,Vancouver,row,optometrist,WordPress,79,91,100,92,4462,0,0,2481,813224,,,2026-09-25,opt_data.csv
westendoptometry.com,Canada,Vancouver,row,optometrist,WordPress,52,87,96,92,4952,0,624,2414,4298759,,,2026-09-25,opt_data.csv
electrahealth.ca,Canada,Vancouver,map,physio,,38,91,96,100,18258,0,943,3601,4750059,FAST,,2026-09-25,physio_scores4.csv
arianebenjamin.com,Canada,Vancouver,map,realtor,WordPress,30,80,96,85,23027,0,1387,17252,21776529,,,2026-09-23,realtor_scores.csv
benkay.ca,Canada,Vancouver,map,realtor,Squarespace,27,86,69,92,14369,0,1627,8814,5454266,,,2026-09-23,realtor_scores.csv
calljamie.ca,Canada,Vancouver,approved,realtor,unknown,77,86,100,92,4352,0,15,2705,3696481,,,2026-09-23,realtor_scores.csv
davidmalkin.com,Canada,Vancouver,map,realtor,unknown,8,69,73,85,39995,1,1353,3802,7392470,,,2026-09-23,realtor_scores.csv
homesbylewis.com,Canada,Vancouver,approved,realtor,unknown,62,86,100,92,16252,0,205,2706,25446359,,,2026-09-23,realtor_scores.csv
jacquelinerobinson.macrealty.com,Canada,Vancouver,map,realtor,unknown,35,61,70,67,8112,0,921,5475,13522828,,,2026-09-23,realtor_scores.csv
ronparpara.com,Canada,Vancouver,map,realtor,unknown,17,79,73,85,70894,2,592,4099,32991049,SLOW,,2026-09-23,realtor_scores.csv
scotthuangrealty.com,Canada,Vancouver,approved,realtor,unknown,69,83,100,85,6753,0,6,2768,2201169,,,2026-09-23,realtor_scores.csv
shaunsangha.ca,Canada,Vancouver,research,realtor,unknown,62,80,100,92,14890,0,0,3339,4688966,,,2026-09-23,realtor_scores.csv
spencerschoen.com,Canada,Vancouver,research,realtor,unknown,68,79,100,92,7582,0,0,2706,2372446,,,2026-09-23,realtor_scores.csv
vuppie.com,Canada,Vancouver,approved,realtor,unknown,71,78,96,92,6158,0,98,2409,2571680,,,2026-09-23,realtor_scores.csv
brentjansenplumbing.com,Canada,Victoria,approved,hvac,WordPress,80,85,100,100,3044,0,54,3044,959891,,,2026-09-22,hvac_scores3.csv
callawayplumbinganddrains.ca,Canada,Victoria,research,hvac,WordPress,53,88,96,92,11287,0,338,4775,1343276,,,2026-09-22,hvac_scores3.csv
integraplumbing.ca,Canada,Victoria,research,hvac,unknown,74,98,77,92,3580,0,88,3077,2386961,,,2026-09-22,hvac_scores3.csv
ratherbeplumbing.com,Canada,Victoria,research,hvac,,,,,,,,,,,,failed after retries,2026-09-22,hvac_scores3.csv
victoriaimpactplumbing.ca,Canada,Victoria,domain_token,hvac,,33,94,96,92,14232,0,1114,4981,3011877,,,2026-09-22,hvac_scores3.csv
waderobertsplumbing.com,Canada,Victoria,research,hvac,unknown,55,89,96,85,4909,0,1208,1960,3561186,AVERAGE,,2026-09-22,hvac_scores3.csv
downtownvictoriaoptometry.ca,Canada,Victoria,row,optometrist,WordPress,77,88,96,85,3781,0,0,2788,637052,,,2026-09-25,opt_data.csv
drfriedmann.ca,Canada,Victoria,row,optometrist,WordPress,82,88,96,92,3632,0,63,2706,1460268,,,2026-09-25,opt_data.csv
familyeyecarecentre.com,Canada,Victoria,row,optometrist,WordPress,60,93,96,100,5101,0,458,3014,2617184,,,2026-09-25,opt_data.csv
hillsideoptometry.ca,Canada,Victoria,row,optometrist,unknown,57,88,100,92,7242,0,34,4333,1381408,,,2026-09-25,opt_data.csv
innerharbouroptometry.com,Canada,Victoria,row,optometrist,WordPress,61,88,96,92,14137,0,154,2424,2427378,,,2026-09-25,opt_data.csv
mayfairoptometric.com,Canada,Victoria,row,optometrist,WordPress,26,80,96,92,15968,0,683,3005,3113870,,,2026-09-25,opt_data.csv
victoriavisioneyecare.ca,Canada,Victoria,row,optometrist,unknown,82,91,100,100,3850,0,0,3173,1170388,,,2026-09-25,opt_data.csv
arbutusphysiotherapy.ca,Canada,Victoria,map,physio,WordPress,61,90,100,92,10764,0,218,3305,1897910,FAST,,2026-09-25,physio_scores2.csv
broadmeadphysiotherapy.com,Canada,Victoria,map,physio,WordPress,64,87,100,100,10379,0,147,3127,2190297,,,2026-09-25,physio_scores2.csv
docksidephysio.com,Canada,Victoria,map,physio,WordPress,60,85,100,92,8026,0,128,2705,3263958,,,2026-09-25,physio_scores4.csv
islandviewphysiotherapy.com,Canada,Victoria,map,physio,WordPress,80,88,100,92,3454,0,39,2929,989002,,,2026-09-25,physio_scores4.csv
labhealthphysio.ca,Canada,Victoria,map,physio,Wix,63,81,96,92,6453,0,348,3003,3643387,,,2026-09-25,physio_scores2.csv
physioplusvictoria.com,Canada,Victoria,map,physio,WordPress,46,90,96,85,27091,0,710,2277,6624536,,,2026-09-25,physio_scores2.csv
physiotherapyvictoria.ca,Canada,Victoria,map,physio,WordPress,92,71,96,100,1723,0,0,1723,2668643,,,2026-09-25,physio_scores4.csv
pursuitphysiotherapy.ca,Canada,Victoria,map,physio,WordPress,67,93,100,100,2733,0,926,1846,1990911,SLOW,,2026-09-25,physio_scores4.csv
shelbournephysio.ca,Canada,Victoria,map,physio,WordPress,64,77,69,85,2860,0,443,1426,2127647,FAST,,2026-09-25,physio_scores2.csv
southislandphysio.ca,Canada,Victoria,map,physio,,89,93,96,100,3412,0,3,1985,496334,AVERAGE,,2026-09-25,physio_scores2.csv
uplevelphysio.ca,Canada,Victoria,map,physio,WordPress,68,80,100,92,8708,0,26,2563,1969371,,,2026-09-25,physio_scores4.csv
chrissundher.macrealty.com,Canada,Victoria,map,realtor,unknown,41,61,92,67,14403,0,1218,3204,9818029,,,2026-09-23,realtor_scores.csv
homebyrobynwilliams.com,Canada,Victoria,map,realtor,unknown,26,92,81,92,8861,0,5268,5442,2743481,,,2026-09-23,realtor_scores.csv
juliaismyagent.com,Canada,Victoria,map,realtor,unknown,39,64,100,77,10759,0,998,5235,6216163,,,2026-09-23,realtor_scores.csv
livevictoriabc.ca,Canada,Victoria,domain_token,realtor,unknown,66,78,100,92,18299,0,142,2555,4714367,,,2026-09-23,realtor_scores.csv
soldbyvictoria.com,Canada,Victoria,domain_token,realtor,unknown,66,91,100,85,14300,0,0,2800,9163115,,,2026-09-23,realtor_scores.csv
realestate-whistler.com,Canada,WHISTLER,approved,realtor,unknown,53,66,100,85,30673,0,0,25722,6479961,,,2026-09-23,realtor_scores.csv
allyearhvac.com,Canada,Waterloo,map,hvac,WordPress,46,95,96,100,4658,0,1426,2258,3267286,,,2026-09-22,hvac_scores4a.csv
dunnheating.com,Canada,Waterloo,map,hvac,,35,74,54,92,10201,0,1690,3002,8012368,,,2026-09-22,hvac_scores4a.csv
whitewayplumbing.ca,Canada,Waterloo,research,hvac,WordPress,67,87,96,92,3002,0,3,2552,8369995,,,2026-09-22,hvac_scores4a.csv
physiomira.com,Canada,Waterloo,map,physio,WordPress,61,92,96,92,7283,0,0,5858,1673711,FAST,,2026-09-25,physio_scores3.csv
dorabergen.com,Canada,West Vancouver,approved,realtor,unknown,74,83,100,77,5480,0,71,2704,8703297,,,2026-09-23,realtor_scores.csv
juliastauffer.ca,Canada,West Vancouver,approved,realtor,unknown,63,84,100,100,9077,0,52,3154,2898683,,,2026-09-23,realtor_scores.csv
vanro.ca,Canada,West Vancouver,approved,realtor,unknown,67,79,96,85,9526,0,135,2887,13616226,,,2026-09-23,realtor_scores.csv
whistlerforsale.com,Canada,Whistler,map,realtor,,38,73,96,77,9769,0,765,8689,17339371,FAST,,2026-09-23,realtor_scores.csv
archwaydental.ca,Canada,Windsor,filename,dental,Squarespace,50,96,96,100,13175,0,577,2555,2059946,,,2026-09-21,windsor_scores.csv
coscarelladentistry.com,Canada,Windsor,filename,dental,WordPress,41,88,96,85,3601,0,943,3058,4055261,SLOW,,2026-09-21,windsor_scores.csv
eastriversidedental.com,Canada,Windsor,filename,dental,unknown,63,96,100,91,7909,0,259,1958,1358264,,,2026-09-21,windsor_scores.csv
lakeshoreoasisdental.com,Canada,Windsor,map,dental,WordPress,29,78,96,92,7762,0,464,2401,3395860,,,2026-09-21,windsor_scores.csv
lasalledental.com,Canada,Windsor,filename,dental,WordPress,64,90,100,92,6161,0,66,4361,966051,,,2026-09-21,windsor_scores.csv
mcdental.ca,Canada,Windsor,filename,dental,WordPress,51,82,96,100,17437,0,270,9377,3224324,,,2026-09-21,windsor_scores.csv
petrasfamilydental.com,Canada,Windsor,filename,dental,Wix,68,98,100,100,12850,0,40,3192,2296639,,,2026-09-21,windsor_scores.csv
reviveyoursmile.com,Canada,Windsor,map,dental,,39,84,54,92,29022,0,648,9504,17270023,SLOW,,2026-09-21,windsor_scores.csv
riversidedentaloffice.ca,Canada,Windsor,filename,dental,WordPress,60,84,96,85,4951,0,261,4240,2813466,,,2026-09-21,windsor_scores.csv
sdfamilydentistry.com,Canada,Windsor,map,dental,WordPress,49,93,100,100,8926,0,538,3694,3547425,,,2026-09-21,windsor_scores.csv
shabandental.com,Canada,Windsor,map,dental,WordPress,35,90,96,92,14356,0,945,9934,2843952,,,2026-09-21,windsor_scores.csv
tecumsehdental.ca,Canada,Windsor,map,dental,WordPress,14,84,77,100,9839,0,1406,3461,4382723,,,2026-09-21,windsor_scores.csv
theavenuedentalcentre.ca,Canada,Windsor,filename,dental,,12,93,96,92,6987,0,4856,2586,4057633,,,2026-09-21,windsor_scores.csv
walkervilledental.com,Canada,Windsor,filename,dental,,69,100,100,92,8214,0,156,1514,1550764,,,2026-09-21,windsor_scores.csv
willisteadfamilydental.ca,Canada,Windsor,map,dental,WordPress,12,83,96,92,9895,0,1260,4284,3298979,,,2026-09-21,windsor_scores.csv
affordableheatingcooling.com,Canada,Windsor,map,hvac,,43,91,96,92,13426,0,1099,2701,2116909,,,2026-09-22,hvac_scores4a.csv
kzplumbingandheating.com,Canada,Windsor,research,hvac,Wix,75,83,77,100,5207,0,170,2415,2136125,,,2026-09-22,hvac_scores4a.csv
samharbplumbing.com,Canada,Windsor,map,hvac,WordPress,35,78,96,85,15286,0,1021,4082,2695914,AVERAGE,,2026-09-22,hvac_scores3.csv
tm3plumbing.com,Canada,Windsor,map,hvac,unknown,36,94,73,92,13971,0,1179,3302,5455738,,,2026-09-22,hvac_scores4a.csv
unionair.ca,Canada,Windsor,approved,hvac,WordPress,82,91,100,100,4244,0,0,1249,654702,,,2026-09-22,hvac_scores4a.csv
physiotherapy.clinic,Canada,Windsor,map,physio,unknown,57,74,100,85,8624,0,6,2677,3795960,,,2026-09-25,physio_scores5.csv
sherryrudling.com,Canada,Windsor,map,realtor,unknown,44,94,96,92,5943,0,36,4611,4031384,,,2026-09-23,realtor_scores.csv
teamcoffin.ca,Canada,Windsor,map,realtor,unknown,38,65,73,85,10846,0,827,7601,4534602,,,2026-09-23,realtor_scores.csv
downtownwinnipegdental.ca,Canada,Winnipeg,map,dental,WordPress,41,94,92,100,7947,0,982,3350,4486347,,,2026-09-21,winnipeg_ps.csv
fgdc.ca,Canada,Winnipeg,filename,dental,Tymbrel,55,90,92,92,5097,0,710,2459,2925598,,,2026-09-21,winnipeg_ps2.csv
fortgarrydental.ca,Canada,Winnipeg,filename,dental,unknown,52,90,77,92,6540,0,605,3882,2928047,,,2026-09-21,winnipeg_ps2.csv
fortgarrydentalgroup.com,Canada,Winnipeg,filename,dental,,,,,,,,,,,,failed after retries,2026-09-21,winnipeg_ps.csv
fortrichmonddental.com,Canada,Winnipeg,map,dental,Tymbrel,16,92,96,85,6251,0,1499,3120,3733277,,,2026-09-23,card_scores.csv
gardencitydental.com,Canada,Winnipeg,map,dental,WordPress,31,85,96,92,5193,0,1161,3807,6173501,,,2026-09-21,winnipeg_ps.csv
greenwoodsdental.com,Canada,Winnipeg,filename,dental,WordPress,58,84,96,100,16861,0,178,4835,16850776,FAST,,2026-09-21,winnipeg_ps.csv
lakesidedentalclinic.ca,Canada,Winnipeg,filename,dental,WordPress,58,86,77,92,9181,0,208,3218,2698470,,,2026-09-21,winnipeg_ps.csv
lumidental.ca,Canada,Winnipeg,map,dental,Squarespace,43,87,96,100,13062,0,711,3003,3879421,,,2026-09-21,winnipeg_ps.csv
poloparkdental.ca,Canada,Winnipeg,filename,dental,,67,76,96,100,7752,0,107,2451,1491200,,,2026-09-21,winnipeg_ps.csv
redriverdental.ca,Canada,Winnipeg,map,dental,WordPress,49,74,59,77,20290,0,387,2881,3960053,,,2026-09-21,winnipeg_ps.csv
regentdental.ca,Canada,Winnipeg,filename,dental,WordPress,56,90,96,100,3913,0,746,2740,4773548,,,2026-09-21,winnipeg_ps.csv
renewdentalwpg.ca,Canada,Winnipeg,map,dental,,41,89,96,85,5990,0,431,5016,2430864,,,2026-09-21,winnipeg_ps.csv
renewdentalwpg.com,Canada,Winnipeg,filename,dental,,50,89,96,85,3782,0,858,2327,2431066,,,2026-09-21,rn_ps.csv
riverstonedental.ca,Canada,Winnipeg,filename,dental,unknown,68,84,58,100,4387,0,223,2659,3093243,,,2026-09-21,winnipeg_ps.csv
sagedental.ca/winnipeg,Canada,Winnipeg,filename,dental,unknown,73,81,96,73,3766,0,71,1506,349129,,,2026-09-21,winnipeg_ps2.csv
smilelinedental.ca,Canada,Winnipeg,filename,dental,unknown,100,38,67,83,1127,0,0,752,30999,,,2026-09-21,winnipeg_ps2.csv
upperfortdental.com,Canada,Winnipeg,filename,dental,WordPress,73,84,100,92,2448,0,632,2448,2227977,,,2026-09-21,winnipeg_ps.csv
onpointplumbingmb.com,Canada,Winnipeg,research,hvac,unknown,89,89,96,91,3061,0,0,2761,219120,,,2026-09-22,hvac_scores2.csv
plumbingserviceswinnipeg.ca,Canada,Winnipeg,domain_token,hvac,,98,96,96,40,1568,0,0,1568,23737,,,2026-09-22,hvac_scores2.csv
armstrongandsmall.com,Canada,Winnipeg,row,optometrist,WordPress,39,96,96,100,11557,0,887,2884,5745361,,,2026-09-25,opt_data.csv
brighteyecare.ca,Canada,Winnipeg,row,optometrist,unknown,53,95,96,92,17573,0,222,4160,4512444,,,2026-09-25,opt_data.csv
concordiaeyecentre.ca,Canada,Winnipeg,row,optometrist,unknown,52,77,96,92,13629,0,285,3543,3755460,AVERAGE,,2026-09-25,opt_data.csv
cresteyecare.com,Canada,Winnipeg,row,optometrist,WordPress,55,96,100,100,6241,0,586,2855,1337213,AVERAGE,,2026-09-25,opt_data.csv
kogeyecare.com,Canada,Winnipeg,row,optometrist,,40,89,96,92,14168,0,677,4217,3051188,,,2026-09-25,opt_data.csv
prairieeye.com,Canada,Winnipeg,row,optometrist,,74,100,100,92,4015,0,382,2306,1022210,FAST,,2026-09-25,opt_data.csv
seeeyeclinic.com,Canada,Winnipeg,row,optometrist,WordPress,38,89,96,92,11958,0,306,1683,2048672,,,2026-09-25,opt_data.csv
visualeyesoptometry.ca,Canada,Winnipeg,row,optometrist,unknown,90,87,96,92,2876,0,237,965,889628,,,2026-09-25,opt_data.csv
corydonphysiotherapy.com,Canada,Winnipeg,map,physio,WordPress,49,91,96,100,8890,0,648,2292,1064101,,,2026-09-25,physio_scores4.csv
fit4lifephysio.com,Canada,Winnipeg,map,physio,WordPress,100,91,100,100,1258,0,0,1252,834648,,,2026-09-25,physio_scores2.csv
localphysiotherapy.ca,Canada,Winnipeg,map,physio,WordPress,44,57,100,92,17476,0,596,4369,3192649,,,2026-09-25,physio_scores2.csv
nessphysiotherapy.com,Canada,Winnipeg,map,physio,Squarespace,41,95,100,100,15803,0,597,7264,2467446,,,2026-09-25,physio_scores2.csv
pembinaphysiotherapy.com,Canada,Winnipeg,map,physio,unknown,66,89,96,92,5004,0,247,3579,1921558,,,2026-09-25,physio_scores4.csv
physiosource.ca,Canada,Winnipeg,map,physio,Wix,53,88,100,92,4843,0,412,2412,1878003,,,2026-09-25,physio_scores4.csv
physiowinnipeg.com,Canada,Winnipeg,map,physio,,74,93,96,40,1362,0,1434,809,902420,FAST,,2026-09-25,physio_scores2.csv
prairietrailphysio.ca,Canada,Winnipeg,map,physio,WordPress,47,79,100,92,5926,0,1308,2496,2791339,,,2026-09-25,physio_scores2.csv
sportandspinephysio.com,Canada,Winnipeg,map,physio,unknown,65,100,100,100,7365,0,35,4085,1540676,,,2026-09-25,physio_scores4.csv
zenphysiotherapy.com,Canada,Winnipeg,map,physio,WordPress,73,88,100,92,4053,0,134,3184,4229872,SLOW,,2026-09-25,physio_scores4.csv
a1plumbingandheating.ca,Canada,unknown,unmapped,hvac,Wix,71,97,100,100,6423,0,120,2869,1934553,,,2026-09-22,hvac_scores4b.csv
afmplumbingheating.com,Canada,unknown,unmapped,hvac,WordPress,90,96,100,92,2735,0,26,2735,3909304,AVERAGE,,2026-09-22,hvac_scores2.csv
bishopsplumbing.ca,Canada,unknown,unmapped,hvac,Wix,63,90,100,100,6452,0,351,3002,2984592,,,2026-09-22,hvac_scores4b.csv
borderplumbingandheating.com,Canada,unknown,unmapped,hvac,WordPress,46,99,100,100,19876,0,569,3035,3885632,,,2026-09-22,hvac_scores4b.csv
bridgeair.ca,Canada,unknown,unmapped,hvac,WordPress,56,87,100,92,10652,0,279,2706,1683245,,,2026-09-22,hvac_scores5b.csv
callbates.ca,Canada,unknown,unmapped,hvac,unknown,76,95,77,92,4085,0,0,3937,1667438,,,2026-09-22,hvac_scores4b.csv
cambridgeplumbingandwaterconditioning.ca,Canada,unknown,unmapped,hvac,Wix,63,93,96,100,4802,0,315,3602,3154599,,,2026-09-22,hvac_scores4a.csv
centennialplumbing.com,Canada,unknown,unmapped,hvac,,71,78,92,92,1867,0,1140,1111,4058755,,,2026-09-22,hvac_scores3.csv
cjplumbingheating.ca,Canada,unknown,unmapped,hvac,unknown,65,81,100,100,8343,0,201,2436,1070636,AVERAGE,,2026-09-22,hvac_scores5b.csv
clplumbing.ca,Canada,unknown,unmapped,hvac,Wix,65,93,77,92,6200,0,360,2428,2984282,,,2026-09-22,hvac_scores5b.csv
dawesnl.ca,Canada,unknown,unmapped,hvac,,,,,,,,,,,,failed after retries,2026-09-22,hvac_scores4b.csv
delexplumbing.ca,Canada,unknown,unmapped,hvac,WordPress,88,91,100,100,3081,0,8,2046,389711,,,2026-09-22,hvac_scores3.csv
donaldsonplumbingheating.ca,Canada,unknown,unmapped,hvac,Wix,77,87,100,100,4682,0,0,2255,1256147,,,2026-09-22,hvac_scores5a.csv
downtownplumbing.ltd,Canada,unknown,unmapped,hvac,unknown,80,92,100,100,3764,0,0,3014,878206,,,2026-09-22,hvac_scores2.csv
drainstreaminc.com,Canada,unknown,unmapped,hvac,Wix,69,95,100,100,5575,0,62,2707,1666569,,,2026-09-22,hvac_scores3.csv
erplumbingsolutions.com,Canada,unknown,unmapped,hvac,,51,90,77,100,15132,0,432,2434,3954613,,,2026-09-22,hvac_scores4a.csv
fondasplumbing.com,Canada,unknown,unmapped,hvac,Wix,62,89,100,100,8215,0,321,3160,3139221,,,2026-09-22,hvac_scores5b.csv
fortisheating.com,Canada,unknown,unmapped,hvac,WordPress,65,91,100,92,7576,0,215,1829,3433746,,,2026-09-22,hvac_scores5a.csv
gomarshal.com,Canada,unknown,unmapped,hvac,WordPress,55,95,100,85,15079,0,153,3206,3261202,,,2026-09-22,hvac_scores4b.csv
grantmechanicalinc.ca,Canada,unknown,unmapped,hvac,WordPress,67,92,100,100,7051,0,2,3006,1227052,,,2026-09-22,hvac_scores4a.csv
grmechanical.ca,Canada,unknown,unmapped,hvac,Wix,74,84,96,100,4133,0,53,2460,1728249,,,2026-09-22,hvac_scores4b.csv
hammertownheatingandair.ca,Canada,unknown,unmapped,hvac,WordPress,51,63,77,85,9602,0,16,8402,2005269,,,2026-09-22,hvac_scores3.csv
heatprobc.ca,Canada,unknown,unmapped,hvac,Wix,71,98,100,100,3049,0,564,1803,4664841,,,2026-09-22,hvac_scores5b.csv
hesseybros.ca,Canada,unknown,unmapped,hvac,unknown,61,80,100,83,24156,0,84,3876,14061630,,,2026-09-22,hvac_scores4a.csv
hubleysplumbing.ca,Canada,unknown,unmapped,hvac,Wix,79,91,100,100,3471,0,282,3017,2400704,,,2026-09-22,hvac_scores4b.csv
huntsheating.com,Canada,unknown,unmapped,hvac,unknown,67,90,100,91,6827,0,13,1820,1429760,,,2026-09-22,hvac_scores2.csv
jbplumbingsk.ca,Canada,unknown,unmapped,hvac,unknown,72,100,100,85,8787,0,0,1834,2657472,,,2026-09-22,hvac_scores4b.csv
kyromechanical.ca,Canada,unknown,unmapped,hvac,WordPress,58,85,96,92,18581,0,108,3821,3912494,,,2026-09-22,hvac_scores5a.csv
lamantiaheating.com,Canada,unknown,unmapped,hvac,unknown,70,94,96,92,6946,0,111,2696,4930605,,,2026-09-22,hvac_scores4a.csv
legendaryplumbing.ca,Canada,unknown,unmapped,hvac,WordPress,74,86,100,85,5349,0,102,2085,1056342,,,2026-09-22,hvac_scores5b.csv
mckaysheating.ca,Canada,unknown,unmapped,hvac,unknown,96,86,92,100,2552,0,0,779,276989,,,2026-09-22,hvac_scores5a.csv
opmechanical.ca,Canada,unknown,unmapped,hvac,unknown,59,85,92,100,7522,0,501,1969,4261096,AVERAGE,,2026-09-22,hvac_scores2.csv
plumbersbc.ca,Canada,unknown,unmapped,hvac,unknown,66,96,100,100,5036,0,123,4001,545977,,,2026-09-22,hvac_scores2.csv
reginaplumbing.net,Canada,unknown,unmapped,hvac,WordPress,56,95,100,92,7939,0,207,3947,3764391,AVERAGE,,2026-09-22,hvac_scores4b.csv
roneyplumbingandheating.ca,Canada,unknown,unmapped,hvac,Wix,68,97,100,92,6770,0,158,3224,2212179,,,2026-09-22,hvac_scores5a.csv
saskwestmechanical.com,Canada,unknown,unmapped,hvac,,65,78,100,92,8442,0,118,3601,2144167,,,2026-09-22,hvac_scores3.csv
scottalan.ca,Canada,unknown,unmapped,hvac,WordPress,82,84,96,92,3911,0,0,2715,533636,,,2026-09-22,hvac_scores4b.csv
serviceplusexperts.com,Canada,unknown,unmapped,hvac,Wix,61,93,100,92,7416,0,437,2557,3378746,,,2026-09-22,hvac_scores5b.csv
smdplumbing.ca,Canada,unknown,unmapped,hvac,WordPress,36,91,73,85,20985,0,782,9380,4719534,,,2026-09-22,hvac_scores5a.csv
steveyoungplumbing.ca,Canada,unknown,unmapped,hvac,,54,89,92,92,13651,0,220,4245,2779019,,,2026-09-22,hvac_scores4a.csv
synergyheatingandcooling.com,Canada,unknown,unmapped,hvac,unknown,51,66,73,92,24153,0,289,6448,4456675,,,2026-09-22,hvac_scores5a.csv
vandiermenandsonsheatingandairconditioning.ca/abbotsford-bc,Canada,unknown,unmapped,hvac,WordPress,37,85,92,100,17792,0,700,1502,3428204,,,2026-09-22,hvac_scores5b.csv
andrewmilne.sutton.com/agent/106837/andrew-milne,Canada,unknown,unmapped,realtor,,62,87,96,92,5222,0,173,4022,2037696,,,2026-09-23,realtor_scores.csv
anneliesecairns.com,Canada,unknown,unmapped,realtor,unknown,59,75,100,92,6639,0,222,3812,5318615,,,2026-09-23,realtor_scores.csv
annelin.sutton.com/agent/92040/anne-lin,Canada,unknown,unmapped,realtor,,59,83,96,92,5141,0,267,4241,2973217,,,2026-09-23,realtor_scores.csv
anthonyrautirealestate.com,Canada,unknown,unmapped,realtor,,71,95,96,77,4351,0,191,3357,663377,,,2026-09-23,realtor_scores.csv
bluekeynl.com/cody-walsh,Canada,unknown,unmapped,realtor,Drupal,52,71,81,77,16227,0,489,3908,3685858,,,2026-09-23,realtor_scores.csv
bonitahutchins.com,Canada,unknown,unmapped,realtor,,,,,,,,,,,,failed after retries,2026-09-23,realtor_scores.csv
courtneybush.royallepage.ca,Canada,unknown,unmapped,realtor,,37,81,96,85,11424,0,1281,2757,2680398,,,2026-09-23,realtor_scores.csv
davidnguyen.realtor,Canada,unknown,unmapped,realtor,unknown,64,89,96,100,14772,0,94,3626,14935378,,,2026-09-23,realtor_scores.csv
derekhundal.com,Canada,unknown,unmapped,realtor,,76,78,96,92,3902,0,185,3006,3099318,,,2026-09-23,realtor_scores.csv
dylanmeekrealty.com,Canada,unknown,unmapped,realtor,Drupal,31,95,54,85,7278,0,1573,5223,2528935,,,2026-09-23,realtor_scores.csv
elizabethmcqueen.com,Canada,unknown,unmapped,realtor,unknown,44,64,100,91,14401,0,443,14323,17710546,,,2026-09-23,realtor_scores.csv
grahamcoade.sutton.com,Canada,unknown,unmapped,realtor,unknown,63,90,96,85,10855,0,78,3864,3749426,,,2026-09-23,realtor_scores.csv
halipad.com,Canada,unknown,unmapped,realtor,unknown,61,99,96,92,7110,0,161,3635,1036957,,,2026-09-23,realtor_scores.csv
jasonbarbosa.com,Canada,unknown,unmapped,realtor,unknown,48,80,69,85,7936,0,170,3603,12175523,,,2026-09-23,realtor_scores.csv
julieprasad.com,Canada,unknown,unmapped,realtor,unknown,76,66,100,92,4381,0,7,3696,1061643,,,2026-09-23,realtor_scores.csv
kristaklundert.com,Canada,unknown,unmapped,realtor,,50,96,100,100,5251,0,721,3770,1917146,,,2026-09-23,realtor_scores.csv
kwnb.ca/agents/danie-degrace,Canada,unknown,unmapped,realtor,,84,77,74,100,2562,0,514,902,1650949,,,2026-09-23,realtor_scores.csv
kwnb.ca/agents/derick-jacques,Canada,unknown,unmapped,realtor,,90,77,74,100,3537,0,124,776,1313723,,,2026-09-23,realtor_scores.csv
kwnb.ca/agents/melodie-dickson,Canada,unknown,unmapped,realtor,,82,82,70,92,3258,0,383,1802,791848,,,2026-09-23,realtor_scores.csv
kwnb.ca/agents/tiffany-mcneill,Canada,unknown,unmapped,realtor,,71,77,74,100,6384,0,238,1878,1409892,,,2026-09-23,realtor_scores.csv
kylaeastcoastrealtor.ca,Canada,unknown,unmapped,realtor,Shopify,67,96,92,85,6691,0,307,1980,2877897,,,2026-09-23,realtor_scores.csv
lauradoucette.com,Canada,unknown,unmapped,realtor,,,,,,,,,,,,failed after retries,2026-09-23,realtor_scores.csv
megangallant.com,Canada,unknown,unmapped,realtor,unknown,53,76,96,85,13406,0,520,3455,2558919,,,2026-09-23,realtor_scores.csv
michaelgillan.ca,Canada,unknown,unmapped,realtor,,,,,,,,,,,,failed after retries,2026-09-23,realtor_scores.csv
mikestewart.ca,Canada,unknown,unmapped,realtor,WordPress,79,90,100,92,2708,0,609,1834,3048681,AVERAGE,,2026-09-23,realtor_scores.csv
nancytranrealtor.com,Canada,unknown,unmapped,realtor,,82,91,96,100,4724,0,63,1251,3120119,,,2026-09-23,realtor_scores.csv
novascotiarealtor.carrd.co,Canada,unknown,unmapped,realtor,unknown,71,96,100,100,4462,0,184,3066,354962,,,2026-09-23,realtor_scores.csv
parkwoodrealty.ca,Canada,unknown,unmapped,realtor,,,,,,,,,,,,failed after retries,2026-09-23,realtor_scores.csv
preetanjanrealtor.ca,Canada,unknown,unmapped,realtor,unknown,77,82,100,100,4502,0,182,1808,2065094,,,2026-09-23,realtor_scores.csv
raymar.ca,Canada,unknown,unmapped,realtor,unknown,71,77,100,92,5477,0,0,2709,914393,,,2026-09-23,realtor_scores.csv
realtysimplified.ca,Canada,unknown,unmapped,realtor,unknown,64,80,100,100,11258,0,0,2855,2665616,,,2026-09-23,realtor_scores.csv
saskatoonlifestyle.com,Canada,unknown,unmapped,realtor,WordPress,51,100,96,100,9200,0,297,8011,1621370,,,2026-09-23,realtor_scores.csv
scottrobinson.ca,Canada,unknown,unmapped,realtor,,99,96,96,40,1518,0,0,1515,23647,,,2026-09-23,realtor_scores.csv
sylviakarlos.com,Canada,unknown,unmapped,realtor,unknown,71,71,96,91,5103,0,0,4053,9467286,,,2026-09-23,realtor_scores.csv
thewhistleragent.com,Canada,unknown,unmapped,realtor,unknown,70,90,100,100,9032,0,0,2732,1796755,,,2026-09-23,realtor_scores.csv
tysoullrealtor.com,Canada,unknown,unmapped,realtor,Wix,70,91,100,100,8921,0,12,2885,1820484,,,2026-09-23,realtor_scores.csv
whistlerrealestateagent.com,Canada,unknown,unmapped,realtor,WordPress,55,79,96,92,21196,0,196,3753,7950404,,,2026-09-23,realtor_scores.csv
